"","State","Date","State_abb","Last.Update","Confirmed","Deaths","Recovered","Latitude","Longitude","Free.Treatment","Early.RX.Refills","SEP","Waiver.1135","Paid.Sick.Leave","stay_at_home","non_essential_business_closure","large_gathering_ban","school_closure","bar_restaurant_limits","primary_election_postponed","emergency_declaration","adult_under_60","adult_over_60","risk_under_60","risk_over_60","hospital_beds","beds_per_thousand","total_chc","total_chc_delivery_sites"
"1","Alabama",2020-03-10,"AL","2020-03-11 20:00:00",5,0,0,"32.3182","-86.9023","0","0","0","0","0","0","0","999","0","0","0","0",18,5,37,5,15,3.13,15,8
"2","Alabama",2020-03-11,"AL","2020-03-11 20:00:00",5,0,0,"32.3182","-86.9023","0","0","0","0","0","0","0","999","0","0","0","0",18,5,37,5,15,3.13,15,8
"3","Alabama",2020-03-12,"AL","2020-03-14 16:53:03",6,0,0,"32.3182","-86.9023","0","0","0","0","0","0","0","999","0","0","0","1",18,5,37,5,15,3.13,15,8
"4","Alabama",2020-03-13,"AL","2020-03-14 16:53:03",6,0,0,"32.3182","-86.9023","0","0","0","0","0","0","0","999","0","0","0","1",18,5,37,5,15,3.13,15,8
"5","Alabama",2020-03-14,"AL","2020-03-14 16:53:03",6,0,0,"32.3182","-86.9023","0","0","0","0","0","0","0","999","0","0","0","1",18,5,37,5,15,3.13,15,8
"6","Alabama",2020-03-15,"AL","2020-03-15 18:20:19",12,0,0,"32.3182","-86.9023","0","0","0","0","0","0","0","999","0","0","0","1",18,5,37,5,15,3.13,15,8
"7","Alabama",2020-03-16,"AL","2020-03-16 22:33:03",29,0,0,"32.3182","-86.9023","0","0","0","0","0","0","0","999","0","0","0","1",18,5,37,5,15,3.13,15,8
"8","Alabama",2020-03-17,"AL","2020-03-17 23:13:10",39,0,0,"32.3182","-86.9023","0","0","0","0","0","0","0","25","1","1","0","1",18,5,37,5,15,3.13,15,8
"9","Alabama",2020-03-18,"AL","2020-03-18 19:33:03",46,0,0,"32.3182","-86.9023","0","0","0","0","0","0","0","25","1","1","1","1",18,5,37,5,15,3.13,15,8
"10","Alabama",2020-03-19,"AL","2020-03-19 23:43:04",78,0,0,"32.3182","-86.9023","0","0","0","0","0","0","0","25","1","1","1","1",18,5,37,5,15,3.13,15,8
"11","Alabama",2020-03-20,"AL","2020-03-20 21:43:03",83,0,0,"32.3182","-86.9023","0","0","0","0","0","0","0","25","1","1","1","1",18,5,37,5,15,3.13,15,8
"12","Alabama",2020-03-21,"AL","2020-03-21 23:13:18",131,0,0,"32.3182","-86.9023","0","0","0","0","0","0","0","25","1","1","1","1",18,5,37,5,15,3.13,15,8
"13","Alaska",2020-03-10,"AK","2020-03-10 02:33:04",0,0,0,"61.3707","-152.4044","0","1","0","0","0","0","0","999","0","0","0","0",35,19,40,19,3,2.23,27,13
"14","Alaska",2020-03-11,"AK","2020-03-11 20:00:00",1,0,0,"61.370716","-152.404419","0","1","0","0","0","0","0","999","0","0","0","1",35,19,40,19,3,2.23,27,13
"15","Alaska",2020-03-12,"AK","2020-03-13 14:53:03",1,0,0,"61.3707","-152.4044","0","1","0","0","0","0","0","999","1","0","0","1",35,19,40,19,3,2.23,27,13
"16","Alaska",2020-03-13,"AK","2020-03-13 14:53:03",1,0,0,"61.3707","-152.4044","0","1","0","0","0","0","0","999","1","0","0","1",35,19,40,19,3,2.23,27,13
"17","Alaska",2020-03-14,"AK","2020-03-17 17:33:03",3,0,0,"61.3707","-152.4044","0","1","0","0","0","1","0","999","1","1","0","1",35,19,40,19,3,2.23,27,13
"18","Alaska",2020-03-15,"AK","2020-03-17 17:33:03",3,0,0,"61.3707","-152.4044","0","1","0","0","0","1","0","999","1","1","0","1",35,19,40,19,3,2.23,27,13
"19","Alaska",2020-03-16,"AK","2020-03-17 17:33:03",3,0,0,"61.3707","-152.4044","0","1","0","0","0","1","0","999","1","1","0","1",35,19,40,19,3,2.23,27,13
"20","Alaska",2020-03-17,"AK","2020-03-17 17:33:03",3,0,0,"61.3707","-152.4044","0","1","0","0","0","1","0","999","1","1","0","1",35,19,40,19,3,2.23,27,13
"21","Alaska",2020-03-18,"AK","2020-03-18 05:53:25",6,0,0,"61.3707","-152.4044","0","1","0","0","0","1","0","999","1","1","0","1",35,19,40,19,3,2.23,27,13
"22","Alaska",2020-03-19,"AK","2020-03-19 02:33:09",9,0,0,"61.3707","-152.4044","0","1","0","0","0","1","0","999","1","1","0","1",35,19,40,19,3,2.23,27,13
"23","Alaska",2020-03-20,"AK","2020-03-20 16:43:10",12,0,0,"61.3707","-152.4044","0","1","0","0","0","1","0","999","1","1","0","1",35,19,40,19,3,2.23,27,13
"24","Alaska",2020-03-21,"AK","2020-03-21 23:13:18",15,0,0,"61.3707","-152.4044","0","1","0","0","0","1","1","10","1","1","0","1",35,19,40,19,3,2.23,27,13
"25","Arizona",2020-03-10,"AZ","2020-03-10 02:53:04",6,0,1,"33.7298","-111.4312","0","0","0","0","1","0","0","999","0","0","0","0",28,14,42,14,11,1.93,20,12
"26","Arizona",2020-03-11,"AZ","2020-03-11 18:52:04",9,0,1,"33.7298","-111.4312","0","0","0","0","1","0","0","999","0","0","0","1",28,14,42,14,11,1.93,20,12
"27","Arizona",2020-03-12,"AZ","2020-03-14 18:13:23",12,0,1,"33.7298","-111.4312","0","0","0","0","1","0","0","999","0","0","0","1",28,14,42,14,11,1.93,20,12
"28","Arizona",2020-03-13,"AZ","2020-03-14 18:13:23",12,0,1,"33.7298","-111.4312","0","0","0","0","1","0","0","999","0","0","0","1",28,14,42,14,11,1.93,20,12
"29","Arizona",2020-03-14,"AZ","2020-03-14 18:13:23",13,0,1,"33.7298","-111.4312","0","0","0","0","1","0","0","999","0","0","0","1",28,14,42,14,11,1.93,20,12
"30","Arizona",2020-03-15,"AZ","2020-03-16 17:13:23",18,0,1,"33.7298","-111.4312","0","0","0","0","1","0","0","999","1","0","0","1",28,14,42,14,11,1.93,20,12
"31","Arizona",2020-03-16,"AZ","2020-03-16 17:13:23",18,0,1,"33.7298","-111.4312","0","0","0","0","1","0","0","999","1","0","0","1",28,14,42,14,11,1.93,20,12
"32","Arizona",2020-03-17,"AZ","2020-03-17 23:13:10",20,0,1,"33.7298","-111.4312","0","0","0","0","1","0","0","999","1","0","0","1",28,14,42,14,11,1.93,20,12
"33","Arizona",2020-03-18,"AZ","2020-03-18 19:33:03",27,0,0,"33.7298","-111.4312","0","0","0","0","1","0","0","999","1","0","0","1",28,14,42,14,11,1.93,20,12
"34","Arizona",2020-03-19,"AZ","2020-03-19 23:43:04",45,0,0,"33.7298","-111.4312","0","0","0","0","1","0","0","999","1","1","0","1",28,14,42,14,11,1.93,20,12
"35","Arizona",2020-03-20,"AZ","2020-03-20 19:13:30",78,0,0,"33.7298","-111.4312","0","0","0","0","1","0","0","999","1","1","0","1",28,14,42,14,11,1.93,20,12
"36","Arizona",2020-03-21,"AZ","2020-03-21 23:13:18",118,1,0,"33.7298","-111.4312","0","0","0","0","1","0","0","999","1","1","0","1",28,14,42,14,11,1.93,20,12
"37","Arkansas",2020-03-10,"AR","2020-03-10 02:33:04",0,0,0,"34.9697","-92.3731","0","0","0","0","0","0","0","999","0","0","0","0",5,48,22,48,51,3.16,12,6
"38","Arkansas",2020-03-11,"AR","2020-03-11 20:00:00",6,0,0,"34.969704","-92.373123","0","0","0","0","0","0","0","999","0","0","0","1",5,48,22,48,51,3.16,12,6
"39","Arkansas",2020-03-12,"AR","2020-03-12 21:39:10",6,0,0,"34.9697","-92.3731","0","0","0","0","0","0","0","999","0","0","0","1",5,48,22,48,51,3.16,12,6
"40","Arkansas",2020-03-13,"AR","2020-03-14 22:33:03",12,0,0,"34.9697","-92.3731","0","0","0","0","0","0","0","999","0","0","0","1",5,48,22,48,51,3.16,12,6
"41","Arkansas",2020-03-14,"AR","2020-03-14 22:33:03",12,0,0,"34.9697","-92.3731","0","0","0","0","0","0","0","999","0","0","0","1",5,48,22,48,51,3.16,12,6
"42","Arkansas",2020-03-15,"AR","2020-03-15 18:20:19",16,0,0,"34.9697","-92.3731","0","0","0","0","0","0","0","999","1","1","0","1",5,48,22,48,51,3.16,12,6
"43","Arkansas",2020-03-16,"AR","2020-03-16 17:13:23",22,0,0,"34.9697","-92.3731","0","0","0","0","0","0","0","999","1","1","0","1",5,48,22,48,51,3.16,12,6
"44","Arkansas",2020-03-17,"AR","2020-03-18 19:33:03",33,0,0,"34.9697","-92.3731","0","0","0","0","0","0","0","999","1","1","0","1",5,48,22,48,51,3.16,12,6
"45","Arkansas",2020-03-18,"AR","2020-03-18 19:33:03",33,0,0,"34.9697","-92.3731","0","0","0","0","0","0","0","999","1","1","0","1",5,48,22,48,51,3.16,12,6
"46","Arkansas",2020-03-19,"AR","2020-03-19 21:43:03",62,0,0,"34.9697","-92.3731","0","0","0","0","0","0","0","999","1","1","0","1",5,48,22,48,51,3.16,12,6
"47","Arkansas",2020-03-20,"AR","2020-03-20 21:43:03",96,0,0,"34.9697","-92.3731","0","0","0","0","0","0","0","999","1","1","0","1",5,48,22,48,51,3.16,12,6
"48","Arkansas",2020-03-21,"AR","2020-03-21 23:13:17",122,0,0,"34.9697","-92.3731","0","0","0","0","0","0","0","999","1","1","0","1",5,48,22,48,51,3.16,12,6
"49","California",2020-03-10,"CA","2020-03-10 19:13:28",144,2,2,"36.1162","-119.6816","0","0","1","0","1","0","0","999","0","0","0","0",20,50,20,50,49,1.84,177,2
"50","California",2020-03-11,"CA","2020-03-11 23:53:03",177,3,2,"36.1162","-119.6816","0","0","1","0","1","0","0","999","0","0","0","1",20,50,20,50,49,1.84,177,2
"51","California",2020-03-12,"CA","2020-03-12 23:44:33",221,4,6,"36.1162","-119.6816","0","0","1","0","1","0","0","999","0","0","0","1",20,50,20,50,49,1.84,177,2
"52","California",2020-03-13,"CA","2020-03-11 20:00:00",282,4,6,"36.116203","-119.681564","0","0","1","0","1","0","0","999","0","0","0","1",20,50,20,50,49,1.84,177,2
"53","California",2020-03-14,"CA","2020-03-14 22:13:32",340,5,6,"36.1162","-119.6816","0","0","1","0","1","0","0","999","0","0","0","1",20,50,20,50,49,1.84,177,2
"54","California",2020-03-15,"CA","2020-03-15 18:33:03",426,6,6,"36.1162","-119.6816","0","0","1","0","1","0","0","999","0","0","0","1",20,50,20,50,49,1.84,177,2
"55","California",2020-03-16,"CA","2020-03-16 23:53:03",557,7,6,"36.1162","-119.6816","0","0","1","0","1","0","0","999","0","1","0","1",20,50,20,50,49,1.84,177,2
"56","California",2020-03-17,"CA","2020-03-17 22:53:03",698,12,6,"36.1162","-119.6816","0","0","1","0","1","0","0","999","0","1","0","1",20,50,20,50,49,1.84,177,2
"57","California",2020-03-18,"CA","2020-03-18 19:14:34",751,13,0,"36.1162","-119.6816","0","1","1","0","1","0","0","999","0","1","0","1",20,50,20,50,49,1.84,177,2
"58","California",2020-03-19,"CA","2020-03-19 21:13:40",952,18,0,"36.1162","-119.6816","0","1","1","0","1","1","1","1","1","1","0","1",20,50,20,50,49,1.84,177,2
"59","California",2020-03-20,"CA","2020-03-20 23:43:03",1177,23,0,"36.1162","-119.6816","0","1","1","0","1","1","1","1","1","1","0","1",20,50,20,50,49,1.84,177,2
"60","California",2020-03-21,"CA","2020-03-21 22:43:04",1364,24,0,"36.1162","-119.6816","0","1","1","0","1","1","1","1","1","1","0","1",20,50,20,50,49,1.84,177,2
"61","Colorado",2020-03-10,"CO","2020-03-10 18:33:03",15,0,0,"39.0598","-105.3111","0","1","0","0","1","0","0","999","0","0","0","1",23,6,27,6,4,1.86,20,18
"62","Colorado",2020-03-11,"CO","2020-03-11 22:53:03",34,0,0,"39.0598","-105.3111","0","1","0","0","1","0","0","999","0","0","0","1",23,6,27,6,4,1.86,20,18
"63","Colorado",2020-03-12,"CO","2020-03-12 21:39:10",45,0,0,"39.0598","-105.3111","0","1","0","0","1","0","0","999","0","0","0","1",23,6,27,6,4,1.86,20,18
"64","Colorado",2020-03-13,"CO","2020-03-11 20:00:00",49,0,0,"39.059811","-105.311104","0","1","0","0","1","0","0","999","0","0","0","1",23,6,27,6,4,1.86,20,18
"65","Colorado",2020-03-14,"CO","2020-03-14 22:13:32",131,1,0,"39.0598","-105.3111","0","1","0","0","1","0","0","999","0","0","0","1",23,6,27,6,4,1.86,20,18
"66","Colorado",2020-03-15,"CO","2020-03-16 23:53:03",160,1,0,"39.0598","-105.3111","0","1","0","0","1","0","0","999","0","1","0","1",23,6,27,6,4,1.86,20,18
"67","Colorado",2020-03-16,"CO","2020-03-16 23:53:03",160,1,0,"39.0598","-105.3111","0","1","0","0","1","0","0","999","0","1","0","1",23,6,27,6,4,1.86,20,18
"68","Colorado",2020-03-17,"CO","2020-03-17 22:53:03",160,2,0,"39.0598","-105.3111","0","1","0","0","1","0","0","999","0","1","0","1",23,6,27,6,4,1.86,20,18
"69","Colorado",2020-03-18,"CO","2020-03-18 15:53:09",184,2,0,"39.0598","-105.3111","0","1","0","0","1","0","0","999","1","1","0","1",23,6,27,6,4,1.86,20,18
"70","Colorado",2020-03-19,"CO","2020-03-19 23:43:04",277,4,0,"39.0598","-105.3111","0","1","1","0","1","0","0","999","1","1","0","1",23,6,27,6,4,1.86,20,18
"71","Colorado",2020-03-20,"CO","2020-03-20 23:43:03",363,4,0,"39.0598","-105.3111","0","1","1","0","1","0","0","999","1","1","0","1",23,6,27,6,4,1.86,20,18
"72","Colorado",2020-03-21,"CO","2020-03-21 23:13:18",390,4,0,"39.0598","-105.3111","0","1","1","0","1","0","0","999","1","1","0","1",23,6,27,6,4,1.86,20,18
"73","Connecticut",2020-03-10,"CT","2020-03-10 03:13:17",2,0,0,"41.5978","-72.7554","0","0","0","0","1","0","0","999","0","0","0","0",10,51,19,51,48,2.01,16,27
"74","Connecticut",2020-03-11,"CT","2020-03-11 23:13:06",3,0,0,"41.5978","-72.7554","0","0","0","0","1","0","0","999","0","0","0","0",10,51,19,51,48,2.01,16,27
"75","Connecticut",2020-03-12,"CT","2020-03-12 23:44:33",5,0,0,"41.5978","-72.7554","0","0","0","0","1","0","0","999","0","0","0","0",10,51,19,51,48,2.01,16,27
"76","Connecticut",2020-03-13,"CT","2020-03-11 20:00:00",11,0,0,"41.597782","-72.755371","0","0","0","0","1","0","0","999","0","0","0","0",10,51,19,51,48,2.01,16,27
"77","Connecticut",2020-03-14,"CT","2020-03-14 22:33:03",22,0,0,"41.5978","-72.7554","0","0","0","0","1","0","0","999","0","0","0","0",10,51,19,51,48,2.01,16,27
"78","Connecticut",2020-03-15,"CT","2020-03-15 18:20:19",24,0,0,"41.5978","-72.7554","0","0","0","0","1","0","0","999","0","0","0","0",10,51,19,51,48,2.01,16,27
"79","Connecticut",2020-03-16,"CT","2020-03-16 20:13:20",30,0,0,"41.5978","-72.7554","0","0","0","0","1","0","0","999","0","0","0","0",10,51,19,51,48,2.01,16,27
"80","Connecticut",2020-03-17,"CT","2020-03-17 23:13:10",68,0,0,"41.5978","-72.7554","0","0","1","0","1","0","0","999","0","0","0","0",10,51,19,51,48,2.01,16,27
"81","Connecticut",2020-03-18,"CT","2020-03-19 23:43:04",159,2,0,"41.5978","-72.7554","0","0","1","0","1","0","0","999","0","0","0","0",10,51,19,51,48,2.01,16,27
"82","Connecticut",2020-03-19,"CT","2020-03-19 23:43:04",159,2,0,"41.5978","-72.7554","0","0","1","0","1","0","0","999","0","0","0","0",10,51,19,51,48,2.01,16,27
"83","Connecticut",2020-03-20,"CT","2020-03-20 21:13:29",194,3,0,"41.5978","-72.7554","0","0","1","0","1","0","0","999","0","0","0","0",10,51,19,51,48,2.01,16,27
"84","Connecticut",2020-03-21,"CT","2020-03-21 02:43:03",194,4,0,"41.5978","-72.7554","0","0","1","0","1","0","0","999","0","0","0","0",10,51,19,51,48,2.01,16,27
"85","Delaware",2020-03-10,"DE","2020-03-10 02:33:04",0,0,0,"39.3185","-75.5071","0","1","0","0","0","0","0","999","0","0","0","0",42,30,48,30,22,2.18,3,11
"86","Delaware",2020-03-11,"DE","2020-03-11 23:13:06",1,0,0,"39.3185","-75.5071","0","1","0","0","0","0","0","999","0","0","0","0",42,30,48,30,22,2.18,3,11
"87","Delaware",2020-03-13,"DE","2020-03-14 18:13:20",6,0,0,"39.3185","-75.5071","0","1","0","0","0","0","0","999","1","0","0","1",42,30,48,30,22,2.18,3,11
"88","Delaware",2020-03-14,"DE","2020-03-14 18:13:20",7,0,0,"39.3185","-75.5071","0","1","0","0","0","0","0","999","1","0","0","1",42,30,48,30,22,2.18,3,11
"89","Delaware",2020-03-15,"DE","2020-03-16 20:13:20",8,0,0,"39.3185","-75.5071","0","1","0","0","0","0","0","50","1","1","0","1",42,30,48,30,22,2.18,3,11
"90","Delaware",2020-03-16,"DE","2020-03-16 20:13:20",8,0,0,"39.3185","-75.5071","0","1","0","0","0","0","0","50","1","1","0","1",42,30,48,30,22,2.18,3,11
"91","Delaware",2020-03-17,"DE","2020-03-17 23:33:02",16,0,0,"39.3185","-75.5071","0","1","0","0","0","0","0","50","1","1","0","1",42,30,48,30,22,2.18,3,11
"92","Delaware",2020-03-18,"DE","2020-03-18 19:33:03",19,0,0,"39.3185","-75.5071","0","1","0","0","0","0","0","50","1","1","0","1",42,30,48,30,22,2.18,3,11
"93","Delaware",2020-03-19,"DE","2020-03-19 23:43:04",30,0,0,"39.3185","-75.5071","0","1","0","0","0","0","0","50","1","1","0","1",42,30,48,30,22,2.18,3,11
"94","Delaware",2020-03-20,"DE","2020-03-20 19:43:03",38,0,0,"39.3185","-75.5071","0","1","0","0","0","0","0","50","1","1","0","1",42,30,48,30,22,2.18,3,11
"95","Delaware",2020-03-21,"DE","2020-03-21 23:13:18",45,0,0,"39.3185","-75.5071","0","1","0","0","0","0","0","50","1","1","0","1",42,30,48,30,22,2.18,3,11
"96","District of Columbia",2020-03-10,"DC","2020-03-10 03:53:03",5,0,0,"38.8974","-77.0268","0","0","0","0","0","0","0","999","0","0","0","0",36,17,34,17,35,4.44,8,43
"97","District of Columbia",2020-03-11,"DC","2020-03-11 22:53:03",10,0,0,"38.8974","-77.0268","0","0","0","0","0","0","0","999","0","0","0","1",36,17,34,17,35,4.44,8,43
"98","District of Columbia",2020-03-12,"DC","2020-03-15 02:53:03",16,0,0,"38.8974","-77.0268","0","1","0","0","0","0","0","999","0","0","0","1",36,17,34,17,35,4.44,8,43
"99","District of Columbia",2020-03-13,"DC","2020-03-15 02:53:03",16,0,0,"38.8974","-77.0268","0","1","0","0","0","0","0","999","0","0","0","1",36,17,34,17,35,4.44,8,43
"100","District of Columbia",2020-03-14,"DC","2020-03-15 02:53:03",16,0,0,"38.8974","-77.0268","0","1","0","0","0","0","0","999","0","0","0","1",36,17,34,17,35,4.44,8,43
"101","District of Columbia",2020-03-15,"DC","2020-03-15 02:53:03",16,0,0,"38.8974","-77.0268","0","1","0","0","0","0","0","999","0","0","0","1",36,17,34,17,35,4.44,8,43
"102","District of Columbia",2020-03-16,"DC","2020-03-16 23:53:03",22,0,0,"38.8974","-77.0268","0","1","0","0","0","0","0","999","0","0","0","1",36,17,34,17,35,4.44,8,43
"103","District of Columbia",2020-03-17,"DC","2020-03-18 05:53:25",31,0,0,"38.8974","-77.0268","0","1","0","0","0","0","0","999","0","0","0","1",36,17,34,17,35,4.44,8,43
"104","District of Columbia",2020-03-18,"DC","2020-03-18 05:53:25",31,0,0,"38.8974","-77.0268","0","1","0","0","0","0","0","999","0","0","0","1",36,17,34,17,35,4.44,8,43
"105","District of Columbia",2020-03-19,"DC","2020-03-19 02:33:09",40,0,0,"38.8974","-77.0268","0","1","0","0","0","0","0","999","0","0","0","1",36,17,34,17,35,4.44,8,43
"106","District of Columbia",2020-03-20,"DC","2020-03-20 19:13:30",71,1,0,"38.8974","-77.0268","0","1","0","0","0","0","0","50","1","1","0","1",36,17,34,17,35,4.44,8,43
"107","District of Columbia",2020-03-21,"DC","2020-03-21 02:43:03",77,1,0,"38.8974","-77.0268","0","1","0","0","0","0","0","50","1","1","0","1",36,17,34,17,35,4.44,8,43
"108","Florida",2020-03-10,"FL","2020-03-10 13:13:14",15,2,0,"27.7663","-81.6868","0","1","0","0","0","0","0","999","0","0","0","1",12,41,12,41,42,2.58,47,41
"109","Florida",2020-03-11,"FL","2020-03-11 03:33:05",28,2,0,"27.7663","-81.6868","0","1","0","0","0","0","0","999","0","0","0","1",12,41,12,41,42,2.58,47,41
"110","Florida",2020-03-12,"FL","2020-03-12 21:39:10",35,2,0,"27.7663","-81.6868","0","1","0","0","0","0","0","999","0","0","0","1",12,41,12,41,42,2.58,47,41
"111","Florida",2020-03-13,"FL","2020-03-11 20:00:00",50,2,0,"27.766279","-81.686783","0","1","0","0","0","0","0","999","0","0","0","1",12,41,12,41,42,2.58,47,41
"112","Florida",2020-03-14,"FL","2020-03-14 18:53:03",76,3,0,"27.7663","-81.6868","0","1","0","0","0","0","0","999","0","0","0","1",12,41,12,41,42,2.58,47,41
"113","Florida",2020-03-15,"FL","2020-03-15 18:20:19",115,4,0,"27.7663","-81.6868","0","1","0","0","0","0","0","999","0","0","0","1",12,41,12,41,42,2.58,47,41
"114","Florida",2020-03-16,"FL","2020-03-16 22:13:21",155,5,0,"27.7663","-81.6868","0","1","0","1","0","0","0","999","0","0","0","1",12,41,12,41,42,2.58,47,41
"115","Florida",2020-03-17,"FL","2020-03-17 23:33:02",216,6,0,"27.7663","-81.6868","0","1","0","1","0","0","0","999","1","1","0","1",12,41,12,41,42,2.58,47,41
"116","Florida",2020-03-18,"FL","2020-03-18 19:14:34",314,7,0,"27.7663","-81.6868","0","1","0","1","0","0","0","999","1","1","0","1",12,41,12,41,42,2.58,47,41
"117","Florida",2020-03-19,"FL","2020-03-19 23:43:04",417,9,0,"27.7663","-81.6868","0","1","0","1","0","0","0","999","1","1","0","1",12,41,12,41,42,2.58,47,41
"118","Florida",2020-03-20,"FL","2020-03-20 23:43:03",563,10,0,"27.7663","-81.6868","0","1","0","1","0","0","0","999","1","1","0","1",12,41,12,41,42,2.58,47,41
"119","Florida",2020-03-21,"FL","2020-03-21 23:13:18",659,13,0,"27.7663","-81.6868","0","1","0","1","0","0","0","999","1","1","0","1",12,41,12,41,42,2.58,47,41
"120","Georgia",2020-03-10,"GA","2020-03-10 03:53:03",17,0,0,"33.0406","-83.6431","0","0","0","0","0","0","0","999","0","0","0","0",41,24,52,24,29,2.39,35,23
"121","Georgia",2020-03-11,"GA","2020-03-11 18:52:03",23,0,0,"33.0406","-83.6431","0","0","0","0","0","0","0","999","0","0","0","0",41,24,52,24,29,2.39,35,23
"122","Georgia",2020-03-12,"GA","2020-03-12 21:39:10",31,1,0,"33.0406","-83.6431","0","0","0","0","0","0","0","999","0","0","0","0",41,24,52,24,29,2.39,35,23
"123","Georgia",2020-03-13,"GA","2020-03-11 20:00:00",42,1,0,"33.040619","-83.643074","0","0","0","0","0","0","0","999","0","0","0","0",41,24,52,24,29,2.39,35,23
"124","Georgia",2020-03-14,"GA","2020-03-14 17:53:03",66,1,0,"33.0406","-83.6431","0","0","0","0","0","0","0","999","0","0","1","1",41,24,52,24,29,2.39,35,23
"125","Georgia",2020-03-15,"GA","2020-03-15 18:20:19",99,1,0,"33.0406","-83.6431","0","0","0","0","0","0","0","999","0","0","1","1",41,24,52,24,29,2.39,35,23
"126","Georgia",2020-03-16,"GA","2020-03-16 16:53:06",121,1,0,"33.0406","-83.6431","0","0","0","0","0","0","0","999","1","0","1","1",41,24,52,24,29,2.39,35,23
"127","Georgia",2020-03-17,"GA","2020-03-17 20:13:22",146,1,0,"33.0406","-83.6431","0","0","0","0","0","0","0","999","1","0","1","1",41,24,52,24,29,2.39,35,23
"128","Georgia",2020-03-18,"GA","2020-03-18 19:14:34",199,3,0,"33.0406","-83.6431","0","0","0","0","0","0","0","999","1","0","1","1",41,24,52,24,29,2.39,35,23
"129","Georgia",2020-03-19,"GA","2020-03-19 21:13:35",287,10,0,"33.0406","-83.6431","0","0","0","0","0","0","0","999","1","0","1","1",41,24,52,24,29,2.39,35,23
"130","Georgia",2020-03-20,"GA","2020-03-20 19:13:30",420,13,0,"33.0406","-83.6431","0","1","0","0","0","0","0","999","1","0","1","1",41,24,52,24,29,2.39,35,23
"131","Georgia",2020-03-21,"GA","2020-03-21 17:43:03",507,14,0,"33.0406","-83.6431","0","1","0","0","0","0","0","999","1","0","1","1",41,24,52,24,29,2.39,35,23
"132","Hawaii",2020-03-10,"HI","2020-03-10 03:13:17",2,0,0,"21.0943","-157.4983","0","0","0","0","0","0","0","999","0","0","0","1",50,34,6,34,24,1.94,14,45
"133","Hawaii",2020-03-11,"HI","2020-03-11 20:00:00",2,0,0,"21.094318","-157.498337","0","0","0","0","0","0","0","999","0","0","0","1",50,34,6,34,24,1.94,14,45
"134","Hawaii",2020-03-12,"HI","2020-03-14 19:53:03",4,0,0,"21.0943","-157.4983","0","0","0","0","0","0","0","999","0","0","0","1",50,34,6,34,24,1.94,14,45
"135","Hawaii",2020-03-13,"HI","2020-03-14 19:53:03",4,0,0,"21.0943","-157.4983","0","0","0","0","0","0","0","999","0","0","0","1",50,34,6,34,24,1.94,14,45
"136","Hawaii",2020-03-14,"HI","2020-03-14 19:53:03",4,0,0,"21.0943","-157.4983","0","0","0","0","0","0","0","999","0","0","0","1",50,34,6,34,24,1.94,14,45
"137","Hawaii",2020-03-15,"HI","2020-03-15 18:20:19",6,0,0,"21.0943","-157.4983","0","0","0","0","0","0","0","999","1","0","0","1",50,34,6,34,24,1.94,14,45
"138","Hawaii",2020-03-16,"HI","2020-03-16 02:53:12",7,0,0,"21.0943","-157.4983","0","0","0","0","0","0","0","999","1","0","0","1",50,34,6,34,24,1.94,14,45
"139","Hawaii",2020-03-17,"HI","2020-03-17 17:33:03",10,0,0,"21.0943","-157.4983","0","0","0","0","0","1","0","10","1","1","0","1",50,34,6,34,24,1.94,14,45
"140","Hawaii",2020-03-18,"HI","2020-03-18 05:53:25",14,0,0,"21.0943","-157.4983","0","0","0","0","0","1","0","10","1","1","0","1",50,34,6,34,24,1.94,14,45
"141","Hawaii",2020-03-19,"HI","2020-03-19 02:33:09",16,0,0,"21.0943","-157.4983","0","0","0","0","0","1","0","10","1","1","0","1",50,34,6,34,24,1.94,14,45
"142","Hawaii",2020-03-20,"HI","2020-03-20 02:43:10",26,0,0,"21.0943","-157.4983","0","0","0","0","0","1","0","10","1","1","0","1",50,34,6,34,24,1.94,14,45
"143","Hawaii",2020-03-21,"HI","2020-03-21 02:43:03",37,0,0,"21.0943","-157.4983","0","0","0","0","0","1","0","10","1","1","0","1",50,34,6,34,24,1.94,14,45
"144","Idaho",2020-03-10,"ID","2020-03-10 02:33:04",0,0,0,"44.2405","-114.4788","0","0","0","0","0","0","0","999","0","0","0","0",51,37,9,37,31,1.94,14,3
"145","Idaho",2020-03-11,"ID","2020-03-11 20:00:00",1,0,0,"44.240459","-114.478828","0","0","0","0","0","0","0","999","0","0","0","0",51,37,9,37,31,1.94,14,3
"146","Idaho",2020-03-12,"ID","2020-03-14 22:33:03",2,0,0,"44.2405","-114.4788","0","0","0","0","0","0","0","999","0","0","0","1",51,37,9,37,31,1.94,14,3
"147","Idaho",2020-03-13,"ID","2020-03-14 22:33:03",2,0,0,"44.2405","-114.4788","0","0","0","0","0","0","0","999","0","0","0","1",51,37,9,37,31,1.94,14,3
"148","Idaho",2020-03-14,"ID","2020-03-14 22:33:03",2,0,0,"44.2405","-114.4788","0","0","0","0","0","0","0","999","0","0","0","1",51,37,9,37,31,1.94,14,3
"149","Idaho",2020-03-15,"ID","2020-03-15 18:20:19",5,0,0,"44.2405","-114.4788","0","0","0","0","0","0","0","999","0","0","0","1",51,37,9,37,31,1.94,14,3
"150","Idaho",2020-03-16,"ID","2020-03-17 23:33:02",8,0,0,"44.2405","-114.4788","0","0","0","0","0","0","0","999","0","0","0","1",51,37,9,37,31,1.94,14,3
"151","Idaho",2020-03-17,"ID","2020-03-17 23:33:02",8,0,0,"44.2405","-114.4788","0","0","0","0","0","0","0","999","0","0","0","1",51,37,9,37,31,1.94,14,3
"152","Idaho",2020-03-18,"ID","2020-03-18 05:53:25",9,0,0,"44.2405","-114.4788","0","0","0","0","0","0","0","999","0","0","0","1",51,37,9,37,31,1.94,14,3
"153","Idaho",2020-03-19,"ID","2020-03-19 02:33:09",11,0,0,"44.2405","-114.4788","0","0","0","0","0","1","0","999","0","0","0","1",51,37,9,37,31,1.94,14,3
"154","Idaho",2020-03-20,"ID","2020-03-20 02:43:10",23,0,0,"44.2405","-114.4788","0","0","0","0","0","1","0","999","0","0","0","1",51,37,9,37,31,1.94,14,3
"155","Idaho",2020-03-21,"ID","2020-03-21 02:43:03",36,0,0,"44.2405","-114.4788","0","0","0","0","0","1","0","999","0","0","0","1",51,37,9,37,31,1.94,14,3
"156","Illinois",2020-03-10,"IL","2020-03-10 18:33:03",12,0,2,"40.3495","-88.9861","0","0","0","0","0","0","0","999","0","0","0","1",47,27,2,27,36,2.52,44,34
"157","Illinois",2020-03-11,"IL","2020-03-11 22:53:03",25,0,2,"40.3495","-88.9861","0","0","0","0","0","0","0","999","0","0","0","1",47,27,2,27,36,2.52,44,34
"158","Illinois",2020-03-12,"IL","2020-03-12 23:44:33",32,0,2,"40.3495","-88.9861","0","0","0","0","0","0","0","999","0","0","0","1",47,27,2,27,36,2.52,44,34
"159","Illinois",2020-03-13,"IL","2020-03-11 20:00:00",46,0,2,"40.349457","-88.986137","0","0","0","0","0","0","0","999","0","0","0","1",47,27,2,27,36,2.52,44,34
"160","Illinois",2020-03-14,"IL","2020-03-14 22:33:04",64,0,2,"40.3495","-88.9861","0","0","0","0","0","0","0","999","1","0","0","1",47,27,2,27,36,2.52,44,34
"161","Illinois",2020-03-15,"IL","2020-03-15 18:20:19",93,0,2,"40.3495","-88.9861","0","0","0","0","0","0","0","999","1","0","0","1",47,27,2,27,36,2.52,44,34
"162","Illinois",2020-03-16,"IL","2020-03-16 22:13:21",105,0,2,"40.3495","-88.9861","0","0","0","0","0","0","0","999","1","0","0","1",47,27,2,27,36,2.52,44,34
"163","Illinois",2020-03-17,"IL","2020-03-17 22:53:03",161,1,2,"40.3495","-88.9861","0","0","0","0","0","0","0","999","1","0","0","1",47,27,2,27,36,2.52,44,34
"164","Illinois",2020-03-18,"IL","2020-03-18 19:14:34",162,1,0,"40.3495","-88.9861","0","0","0","0","0","0","0","999","1","0","0","1",47,27,2,27,36,2.52,44,34
"165","Illinois",2020-03-19,"IL","2020-03-19 21:13:40",422,4,0,"40.3495","-88.9861","0","0","0","0","0","0","0","999","1","0","0","1",47,27,2,27,36,2.52,44,34
"166","Illinois",2020-03-20,"IL","2020-03-20 21:13:32",585,5,0,"40.3495","-88.9861","0","0","0","0","0","1","1","10","1","0","0","1",47,27,2,27,36,2.52,44,34
"167","Illinois",2020-03-21,"IL","2020-03-21 23:13:18",753,6,0,"40.3495","-88.9861","0","0","0","0","0","1","1","10","1","0","0","1",47,27,2,27,36,2.52,44,34
"168","Indiana",2020-03-10,"IN","2020-03-10 17:13:25",6,0,0,"39.8494","-86.2583","0","0","0","0","0","0","0","999","0","0","0","1",26,12,43,12,18,2.71,25,14
"169","Indiana",2020-03-11,"IN","2020-03-11 20:00:00",13,0,0,"39.849426","-86.258278","0","0","0","0","0","0","0","999","0","0","0","1",26,12,43,12,18,2.71,25,14
"170","Indiana",2020-03-12,"IN","2020-03-12 23:44:33",13,0,0,"39.8494","-86.2583","0","0","0","0","0","0","0","999","0","0","0","1",26,12,43,12,18,2.71,25,14
"171","Indiana",2020-03-13,"IN","2020-03-14 16:53:03",16,0,0,"39.8494","-86.2583","0","0","0","0","0","0","0","999","0","0","0","1",26,12,43,12,18,2.71,25,14
"172","Indiana",2020-03-14,"IN","2020-03-14 16:53:03",16,0,0,"39.8494","-86.2583","0","0","0","0","0","0","0","999","0","0","0","1",26,12,43,12,18,2.71,25,14
"173","Indiana",2020-03-15,"IN","2020-03-15 18:20:19",20,0,0,"39.8494","-86.2583","0","0","0","0","0","0","0","999","0","0","0","1",26,12,43,12,18,2.71,25,14
"174","Indiana",2020-03-16,"IN","2020-03-16 22:33:03",25,1,0,"39.8494","-86.2583","0","0","0","0","0","0","0","999","0","1","0","1",26,12,43,12,18,2.71,25,14
"175","Indiana",2020-03-17,"IN","2020-03-17 23:13:10",30,2,0,"39.8494","-86.2583","0","0","0","0","0","0","0","999","0","1","0","1",26,12,43,12,18,2.71,25,14
"176","Indiana",2020-03-18,"IN","2020-03-18 19:33:03",39,2,0,"39.8494","-86.2583","0","0","0","0","0","0","0","999","0","1","0","1",26,12,43,12,18,2.71,25,14
"177","Indiana",2020-03-19,"IN","2020-03-19 23:43:04",60,2,0,"39.8494","-86.2583","0","0","0","0","0","0","0","999","1","1","0","1",26,12,43,12,18,2.71,25,14
"178","Indiana",2020-03-20,"IN","2020-03-20 21:43:03",86,2,0,"39.8494","-86.2583","0","0","0","0","0","0","0","999","1","1","1","1",26,12,43,12,18,2.71,25,14
"179","Indiana",2020-03-21,"IN","2020-03-21 23:13:18",128,4,0,"39.8494","-86.2583","0","0","0","0","0","0","0","999","1","1","1","1",26,12,43,12,18,2.71,25,14
"180","Iowa",2020-03-10,"IA","2020-03-10 02:33:04",8,0,0,"42.0115","-93.2105","0","0","0","0","0","0","0","999","0","0","0","1",7,49,16,49,50,2.99,14,47
"181","Iowa",2020-03-11,"IA","2020-03-11 20:00:00",17,0,0,"42.011539","-93.210526","0","0","0","0","0","0","0","999","0","0","0","1",7,49,16,49,50,2.99,14,47
"182","Iowa",2020-03-12,"IA","2020-03-12 23:44:33",16,0,0,"42.0115","-93.2105","0","0","0","0","0","0","0","999","0","0","0","1",7,49,16,49,50,2.99,14,47
"183","Iowa",2020-03-13,"IA","2020-03-13 23:53:03",17,0,0,"42.0115","-93.2105","0","0","0","0","0","0","0","999","0","0","0","1",7,49,16,49,50,2.99,14,47
"184","Iowa",2020-03-14,"IA","2020-03-15 18:20:19",18,0,0,"42.0115","-93.2105","0","0","0","0","0","0","0","999","0","0","0","1",7,49,16,49,50,2.99,14,47
"185","Iowa",2020-03-15,"IA","2020-03-15 18:20:19",18,0,0,"42.0115","-93.2105","0","0","0","0","0","0","0","999","0","0","0","1",7,49,16,49,50,2.99,14,47
"186","Iowa",2020-03-16,"IA","2020-03-16 23:53:03",23,0,0,"42.0115","-93.2105","0","0","0","0","0","0","0","999","0","0","0","1",7,49,16,49,50,2.99,14,47
"187","Iowa",2020-03-17,"IA","2020-03-18 05:53:25",29,0,0,"42.0115","-93.2105","0","0","0","0","0","0","0","1","0","1","0","1",7,49,16,49,50,2.99,14,47
"188","Iowa",2020-03-18,"IA","2020-03-18 05:53:25",29,0,0,"42.0115","-93.2105","0","0","0","0","0","0","0","1","0","1","0","1",7,49,16,49,50,2.99,14,47
"189","Iowa",2020-03-19,"IA","2020-03-19 23:43:04",44,0,0,"42.0115","-93.2105","0","0","0","0","0","0","0","1","0","1","0","1",7,49,16,49,50,2.99,14,47
"190","Iowa",2020-03-20,"IA","2020-03-20 19:43:03",45,0,0,"42.0115","-93.2105","0","0","0","0","0","0","0","1","0","1","0","1",7,49,16,49,50,2.99,14,47
"191","Iowa",2020-03-21,"IA","2020-03-21 19:43:03",68,0,0,"42.0115","-93.2105","0","0","0","0","0","0","0","1","0","1","0","1",7,49,16,49,50,2.99,14,47
"192","Kansas",2020-03-10,"KS","2020-03-10 03:13:17",1,0,0,"38.5266","-96.7265","0","0","0","0","0","0","0","999","0","0","0","0",4,45,15,45,52,3.32,18,49
"193","Kansas",2020-03-11,"KS","2020-03-11 20:00:00",5,1,0,"38.5266","-96.726486","0","0","0","0","0","0","0","999","0","0","0","0",4,45,15,45,52,3.32,18,49
"194","Kansas",2020-03-12,"KS","2020-03-14 22:33:03",8,1,0,"38.5266","-96.7265","0","0","0","0","0","0","0","999","0","0","0","1",4,45,15,45,52,3.32,18,49
"195","Kansas",2020-03-13,"KS","2020-03-14 22:33:03",8,1,0,"38.5266","-96.7265","0","0","0","0","0","0","0","999","0","0","0","1",4,45,15,45,52,3.32,18,49
"196","Kansas",2020-03-14,"KS","2020-03-14 22:33:03",8,1,0,"38.5266","-96.7265","0","0","0","0","0","0","0","999","0","0","0","1",4,45,15,45,52,3.32,18,49
"197","Kansas",2020-03-15,"KS","2020-03-16 17:13:23",11,1,0,"38.5266","-96.7265","0","0","0","0","0","0","0","999","0","0","0","1",4,45,15,45,52,3.32,18,49
"198","Kansas",2020-03-16,"KS","2020-03-16 17:13:23",11,1,0,"38.5266","-96.7265","0","0","0","0","0","0","0","999","0","0","0","1",4,45,15,45,52,3.32,18,49
"199","Kansas",2020-03-17,"KS","2020-03-17 23:13:10",18,1,0,"38.5266","-96.7265","0","0","0","0","0","0","0","50","1","1","0","1",4,45,15,45,52,3.32,18,49
"200","Kansas",2020-03-18,"KS","2020-03-19 21:43:03",34,1,0,"38.5266","-96.7265","0","0","0","0","0","0","0","50","1","1","0","1",4,45,15,45,52,3.32,18,49
"201","Kansas",2020-03-19,"KS","2020-03-19 21:43:03",34,1,0,"38.5266","-96.7265","0","0","0","0","0","0","0","50","1","1","0","1",4,45,15,45,52,3.32,18,49
"202","Kansas",2020-03-20,"KS","2020-03-20 21:43:03",44,1,0,"38.5266","-96.7265","0","0","0","0","0","0","0","50","1","1","0","1",4,45,15,45,52,3.32,18,49
"203","Kansas",2020-03-21,"KS","2020-03-21 23:13:18",57,2,0,"38.5266","-96.7265","0","0","0","0","0","0","0","50","1","1","0","1",4,45,15,45,52,3.32,18,49
"204","Kentucky",2020-03-10,"KY","2020-03-10 02:33:04",6,0,0,"37.6681","-84.6701","0","1","0","0","0","0","0","999","0","0","0","1",16,4,30,4,13,3.21,24,31
"205","Kentucky",2020-03-11,"KY","2020-03-11 20:00:00",14,0,0,"37.66814","-84.670067","0","1","0","0","0","0","0","999","0","0","0","1",16,4,30,4,13,3.21,24,31
"206","Kentucky",2020-03-12,"KY","2020-03-12 23:44:33",10,0,0,"37.6681","-84.6701","0","1","0","0","0","0","0","999","0","0","0","1",16,4,30,4,13,3.21,24,31
"207","Kentucky",2020-03-13,"KY","2020-03-13 23:53:03",14,0,0,"37.6681","-84.6701","0","1","0","0","0","0","0","999","0","0","0","1",16,4,30,4,13,3.21,24,31
"208","Kentucky",2020-03-14,"KY","2020-03-15 02:53:02",20,0,0,"37.6681","-84.6701","0","1","0","0","0","0","0","999","0","0","0","1",16,4,30,4,13,3.21,24,31
"209","Kentucky",2020-03-15,"KY","2020-03-15 02:53:02",20,0,0,"37.6681","-84.6701","0","1","0","0","0","0","0","999","0","0","0","1",16,4,30,4,13,3.21,24,31
"210","Kentucky",2020-03-16,"KY","2020-03-16 18:33:03",21,1,1,"37.6681","-84.6701","0","1","0","0","0","0","0","999","1","1","1","1",16,4,30,4,13,3.21,24,31
"211","Kentucky",2020-03-17,"KY","2020-03-17 23:33:02",26,1,1,"37.6681","-84.6701","0","1","0","0","0","0","0","999","1","1","1","1",16,4,30,4,13,3.21,24,31
"212","Kentucky",2020-03-18,"KY","2020-03-18 14:13:56",27,1,0,"37.6681","-84.6701","0","1","0","0","0","0","0","999","1","1","1","1",16,4,30,4,13,3.21,24,31
"213","Kentucky",2020-03-19,"KY","2020-03-19 23:43:04",37,2,0,"37.6681","-84.6701","0","1","0","0","0","0","0","999","1","1","1","1",16,4,30,4,13,3.21,24,31
"214","Kentucky",2020-03-20,"KY","2020-03-20 16:13:22",47,2,0,"37.6681","-84.6701","0","1","0","0","0","0","0","999","1","1","1","1",16,4,30,4,13,3.21,24,31
"215","Kentucky",2020-03-21,"KY","2020-03-21 23:13:17",87,3,0,"37.6681","-84.6701","0","1","0","0","0","0","0","999","1","1","1","1",16,4,30,4,13,3.21,24,31
"216","Louisiana",2020-03-10,"LA","2020-03-10 03:13:17",1,0,0,"31.1695","-91.8678","0","0","0","0","0","0","0","999","0","0","0","0",17,3,33,3,14,3.28,34,26
"217","Louisiana",2020-03-11,"LA","2020-03-11 10:13:20",6,0,0,"31.1695","-91.8678","0","0","0","0","0","0","0","999","0","0","0","1",17,3,33,3,14,3.28,34,26
"218","Louisiana",2020-03-12,"LA","2020-03-12 23:44:33",19,0,0,"31.1695","-91.8678","0","0","0","0","0","0","0","999","0","0","0","1",17,3,33,3,14,3.28,34,26
"219","Louisiana",2020-03-13,"LA","2020-03-11 20:00:00",36,0,0,"31.169546","-91.867805","0","0","0","0","0","0","0","999","0","0","0","1",17,3,33,3,14,3.28,34,26
"220","Louisiana",2020-03-14,"LA","2020-03-14 22:13:32",77,1,0,"31.1695","-91.8678","0","0","0","0","0","0","0","999","1","0","1","1",17,3,33,3,14,3.28,34,26
"221","Louisiana",2020-03-15,"LA","2020-03-15 18:20:19",91,2,0,"31.1695","-91.8678","0","0","0","0","0","0","0","999","1","0","1","1",17,3,33,3,14,3.28,34,26
"222","Louisiana",2020-03-16,"LA","2020-03-16 22:13:21",136,3,0,"31.1695","-91.8678","0","0","0","0","0","0","0","999","1","1","1","1",17,3,33,3,14,3.28,34,26
"223","Louisiana",2020-03-17,"LA","2020-03-17 22:53:03",196,4,0,"31.1695","-91.8678","0","1","0","0","0","0","0","999","1","1","1","1",17,3,33,3,14,3.28,34,26
"224","Louisiana",2020-03-18,"LA","2020-03-18 19:33:03",257,4,0,"31.1695","-91.8678","0","1","0","0","0","0","0","999","1","1","1","1",17,3,33,3,14,3.28,34,26
"225","Louisiana",2020-03-19,"LA","2020-03-19 23:43:04",392,10,0,"31.1695","-91.8678","0","1","0","0","0","0","0","999","1","1","1","1",17,3,33,3,14,3.28,34,26
"226","Louisiana",2020-03-20,"LA","2020-03-20 23:43:03",538,14,0,"31.1695","-91.8678","0","1","0","0","0","0","0","999","1","1","1","1",17,3,33,3,14,3.28,34,26
"227","Louisiana",2020-03-21,"LA","2020-03-21 15:43:05",585,16,0,"31.1695","-91.8678","0","1","0","0","0","0","0","999","1","1","1","1",17,3,33,3,14,3.28,34,26
"228","Maine",2020-03-10,"ME","2020-03-10 02:33:04",0,0,0,"44.6939","-69.3819","0","0","0","0","0","0","0","999","0","0","0","0",48,36,7,36,32,2.54,18,9
"229","Maine",2020-03-11,"ME","2020-03-11 20:00:00",1,0,0,"44.693947","-69.381927","0","0","0","0","0","0","0","999","0","0","0","0",48,36,7,36,32,2.54,18,9
"230","Maine",2020-03-12,"ME","2020-03-14 16:53:03",3,0,0,"44.6939","-69.3819","0","1","0","0","0","0","0","999","0","0","0","0",48,36,7,36,32,2.54,18,9
"231","Maine",2020-03-13,"ME","2020-03-14 16:53:03",3,0,0,"44.6939","-69.3819","0","1","0","0","0","0","0","999","0","0","0","0",48,36,7,36,32,2.54,18,9
"232","Maine",2020-03-14,"ME","2020-03-14 16:53:03",3,0,0,"44.6939","-69.3819","0","1","0","0","0","0","0","999","0","0","0","0",48,36,7,36,32,2.54,18,9
"233","Maine",2020-03-15,"ME","2020-03-15 18:20:19",12,0,0,"44.6939","-69.3819","0","1","0","0","0","0","0","999","0","0","0","1",48,36,7,36,32,2.54,18,9
"234","Maine",2020-03-16,"ME","2020-03-16 18:14:12",17,0,0,"44.6939","-69.3819","0","1","0","0","0","0","0","999","0","0","0","1",48,36,7,36,32,2.54,18,9
"235","Maine",2020-03-17,"ME","2020-03-17 17:53:03",32,0,0,"44.6939","-69.3819","0","1","0","0","0","0","0","999","0","0","0","1",48,36,7,36,32,2.54,18,9
"236","Maine",2020-03-18,"ME","2020-03-18 19:33:03",42,0,0,"44.6939","-69.3819","0","1","0","0","0","0","0","10","0","1","0","1",48,36,7,36,32,2.54,18,9
"237","Maine",2020-03-19,"ME","2020-03-19 18:43:03",52,0,0,"44.6939","-69.3819","0","1","0","0","0","0","0","10","0","1","0","1",48,36,7,36,32,2.54,18,9
"238","Maine",2020-03-20,"ME","2020-03-20 19:13:30",56,0,0,"44.6939","-69.3819","0","1","0","0","0","0","0","10","0","1","0","1",48,36,7,36,32,2.54,18,9
"239","Maine",2020-03-21,"ME","2020-03-21 23:13:18",70,0,0,"44.6939","-69.3819","0","1","0","0","0","0","0","10","0","1","0","1",48,36,7,36,32,2.54,18,9
"240","Maryland",2020-03-10,"MD","2020-03-10 18:13:16",8,0,0,"39.0639","-76.8021","0","1","0","0","1","0","0","999","0","0","0","1",25,9,36,9,6,1.92,17,4
"241","Maryland",2020-03-11,"MD","2020-03-11 03:33:05",9,0,0,"39.0639","-76.8021","0","1","0","0","1","0","0","999","0","0","0","1",25,9,36,9,6,1.92,17,4
"242","Maryland",2020-03-12,"MD","2020-03-12 01:53:03",12,0,0,"39.0639","-76.8021","0","1","0","0","1","0","0","999","0","0","0","1",25,9,36,9,6,1.92,17,4
"243","Maryland",2020-03-13,"MD","2020-03-11 20:00:00",18,0,0,"39.063946","-76.802101","0","1","0","0","1","0","0","999","0","0","0","1",25,9,36,9,6,1.92,17,4
"244","Maryland",2020-03-14,"MD","2020-03-14 22:33:03",26,0,0,"39.0639","-76.8021","0","1","1","0","1","0","0","999","0","0","0","1",25,9,36,9,6,1.92,17,4
"245","Maryland",2020-03-15,"MD","2020-03-15 18:20:19",32,0,0,"39.0639","-76.8021","0","1","1","0","1","0","0","999","0","0","0","1",25,9,36,9,6,1.92,17,4
"246","Maryland",2020-03-16,"MD","2020-03-16 20:13:20",41,0,3,"39.0639","-76.8021","0","1","1","0","1","0","0","10","1","1","0","1",25,9,36,9,6,1.92,17,4
"247","Maryland",2020-03-17,"MD","2020-03-17 16:13:14",60,0,3,"39.0639","-76.8021","0","1","1","0","1","0","0","10","1","1","1","1",25,9,36,9,6,1.92,17,4
"248","Maryland",2020-03-18,"MD","2020-03-18 19:14:34",85,0,0,"39.0639","-76.8021","0","1","1","0","1","0","0","10","1","1","1","1",25,9,36,9,6,1.92,17,4
"249","Maryland",2020-03-19,"MD","2020-03-19 21:43:03",107,1,0,"39.0639","-76.8021","0","1","1","0","1","0","0","10","1","1","1","1",25,9,36,9,6,1.92,17,4
"250","Maryland",2020-03-20,"MD","2020-03-20 16:43:10",149,1,0,"39.0639","-76.8021","0","1","1","0","1","0","0","10","1","1","1","1",25,9,36,9,6,1.92,17,4
"251","Maryland",2020-03-21,"MD","2020-03-21 23:13:18",193,2,0,"39.0639","-76.8021","0","1","1","0","1","0","0","10","1","1","1","1",25,9,36,9,6,1.92,17,4
"252","Massachusetts",2020-03-10,"MA","2020-03-10 22:13:11",92,0,1,"42.2302","-71.5301","1","0","0","0","1","0","0","999","0","0","0","1",31,21,31,21,16,2.27,39,25
"253","Massachusetts",2020-03-11,"MA","2020-03-11 22:53:03",95,0,1,"42.2302","-71.5301","1","0","1","0","1","0","0","999","0","0","0","1",31,21,31,21,16,2.27,39,25
"254","Massachusetts",2020-03-12,"MA","2020-03-12 21:39:09",108,0,1,"42.2302","-71.5301","1","0","1","0","1","0","0","999","0","0","0","1",31,21,31,21,16,2.27,39,25
"255","Massachusetts",2020-03-13,"MA","2020-03-11 20:00:00",123,0,1,"42.230171","-71.530106","1","0","1","0","1","0","0","999","0","0","0","1",31,21,31,21,16,2.27,39,25
"256","Massachusetts",2020-03-14,"MA","2020-03-14 22:13:19",164,0,1,"42.2302","-71.5301","1","0","1","0","1","0","0","999","0","0","0","1",31,21,31,21,16,2.27,39,25
"257","Massachusetts",2020-03-15,"MA","2020-03-16 21:53:03",197,0,1,"42.2302","-71.5301","1","0","1","0","1","0","0","999","1","1","0","1",31,21,31,21,16,2.27,39,25
"258","Massachusetts",2020-03-16,"MA","2020-03-16 21:53:03",197,0,1,"42.2302","-71.5301","1","0","1","0","1","0","0","999","1","1","0","1",31,21,31,21,16,2.27,39,25
"259","Massachusetts",2020-03-17,"MA","2020-03-17 22:53:02",218,0,1,"42.2302","-71.5301","1","0","1","0","1","0","0","999","1","1","0","1",31,21,31,21,16,2.27,39,25
"260","Massachusetts",2020-03-18,"MA","2020-03-18 14:13:56",218,0,0,"42.2302","-71.5301","1","0","1","0","1","0","0","999","1","1","0","1",31,21,31,21,16,2.27,39,25
"261","Massachusetts",2020-03-19,"MA","2020-03-19 21:13:35",328,0,0,"42.2302","-71.5301","1","0","1","0","1","0","0","999","1","1","0","1",31,21,31,21,16,2.27,39,25
"262","Massachusetts",2020-03-20,"MA","2020-03-20 23:43:03",413,1,0,"42.2302","-71.5301","1","0","1","0","1","0","0","999","1","1","0","1",31,21,31,21,16,2.27,39,25
"263","Massachusetts",2020-03-21,"MA","2020-03-21 23:13:18",525,1,0,"42.2302","-71.5301","1","0","1","0","1","0","0","999","1","1","0","1",31,21,31,21,16,2.27,39,25
"264","Michigan",2020-03-10,"MI","2020-03-10 02:33:04",0,0,0,"43.3266","-84.5361","0","0","0","0","0","0","0","999","0","0","0","0",39,26,49,26,28,2.5,38,28
"265","Michigan",2020-03-11,"MI","2020-03-11 03:33:05",2,0,0,"43.3266","-84.5361","0","0","0","0","0","0","0","999","0","0","0","0",39,26,49,26,28,2.5,38,28
"266","Michigan",2020-03-13,"MI","2020-03-14 16:53:03",25,0,0,"43.3266","-84.5361","0","0","0","0","0","0","0","999","0","0","0","1",39,26,49,26,28,2.5,38,28
"267","Michigan",2020-03-14,"MI","2020-03-14 16:53:03",25,0,0,"43.3266","-84.5361","0","0","0","0","0","0","0","999","0","0","0","1",39,26,49,26,28,2.5,38,28
"268","Michigan",2020-03-15,"MI","2020-03-15 18:20:19",33,0,0,"43.3266","-84.5361","0","0","0","0","0","0","0","999","0","0","0","1",39,26,49,26,28,2.5,38,28
"269","Michigan",2020-03-16,"MI","2020-03-16 14:38:46",53,0,0,"43.3266","-84.5361","0","0","0","0","0","0","0","999","1","0","0","1",39,26,49,26,28,2.5,38,28
"270","Michigan",2020-03-17,"MI","2020-03-17 20:53:02",65,0,0,"43.3266","-84.5361","0","0","0","0","0","0","0","999","1","1","0","1",39,26,49,26,28,2.5,38,28
"271","Michigan",2020-03-18,"MI","2020-03-18 19:14:34",83,0,0,"43.3266","-84.5361","0","0","0","0","0","0","0","999","1","1","0","1",39,26,49,26,28,2.5,38,28
"272","Michigan",2020-03-19,"MI","2020-03-19 23:43:04",334,3,0,"43.3266","-84.5361","0","0","0","0","0","0","0","999","1","1","0","1",39,26,49,26,28,2.5,38,28
"273","Michigan",2020-03-20,"MI","2020-03-20 21:13:32",552,3,0,"43.3266","-84.5361","0","0","0","0","0","0","0","999","1","1","0","1",39,26,49,26,28,2.5,38,28
"274","Michigan",2020-03-21,"MI","2020-03-21 22:43:04",788,5,0,"43.3266","-84.5361","0","0","0","0","0","0","0","999","1","1","0","1",39,26,49,26,28,2.5,38,28
"275","Minnesota",2020-03-10,"MN","2020-03-10 19:53:13",3,0,0,"45.6945","-93.9002","0","0","0","0","0","0","0","999","0","0","0","0",21,8,23,8,12,2.48,16,48
"276","Minnesota",2020-03-11,"MN","2020-03-11 19:13:18",5,0,0,"45.6945","-93.9002","0","0","0","0","0","0","0","999","0","0","0","0",21,8,23,8,12,2.48,16,48
"277","Minnesota",2020-03-12,"MN","2020-03-12 21:39:10",9,0,0,"45.6945","-93.9002","0","0","0","0","0","0","0","999","0","0","0","0",21,8,23,8,12,2.48,16,48
"278","Minnesota",2020-03-13,"MN","2020-03-11 20:00:00",14,0,0,"45.694454","-93.900192","0","0","0","0","0","0","0","999","0","0","0","0",21,8,23,8,12,2.48,16,48
"279","Minnesota",2020-03-14,"MN","2020-03-14 18:53:03",21,0,0,"45.6945","-93.9002","0","0","0","0","0","0","0","999","0","0","0","1",21,8,23,8,12,2.48,16,48
"280","Minnesota",2020-03-15,"MN","2020-03-15 18:20:19",35,0,0,"45.6945","-93.9002","0","0","0","0","0","0","0","999","1","0","0","1",21,8,23,8,12,2.48,16,48
"281","Minnesota",2020-03-16,"MN","2020-03-16 16:53:06",54,0,0,"45.6945","-93.9002","0","0","0","0","0","0","0","999","1","1","0","1",21,8,23,8,12,2.48,16,48
"282","Minnesota",2020-03-17,"MN","2020-03-17 17:53:03",60,0,0,"45.6945","-93.9002","0","0","0","0","0","0","0","999","1","1","0","1",21,8,23,8,12,2.48,16,48
"283","Minnesota",2020-03-18,"MN","2020-03-18 19:14:34",77,0,0,"45.6945","-93.9002","0","0","0","0","0","0","0","999","1","1","0","1",21,8,23,8,12,2.48,16,48
"284","Minnesota",2020-03-19,"MN","2020-03-19 18:43:03",89,0,0,"45.6945","-93.9002","0","0","0","0","0","0","0","999","1","1","0","1",21,8,23,8,12,2.48,16,48
"285","Minnesota",2020-03-20,"MN","2020-03-20 19:13:30",115,0,0,"45.6945","-93.9002","0","0","1","0","0","0","0","999","1","1","0","1",21,8,23,8,12,2.48,16,48
"286","Minnesota",2020-03-21,"MN","2020-03-21 19:43:03",138,1,0,"45.6945","-93.9002","0","0","1","0","0","0","0","999","1","1","0","1",21,8,23,8,12,2.48,16,48
"287","Mississippi",2020-03-10,"MS","2020-03-10 02:33:04",0,0,0,"32.7416","-89.6787","0","0","0","0","0","0","0","999","0","0","0","0",6,46,21,46,7,4.05,20,19
"288","Mississippi",2020-03-11,"MS","2020-03-11 20:00:00",1,0,0,"32.741646","-89.678696","0","0","0","0","0","0","0","999","0","0","0","0",6,46,21,46,7,4.05,20,19
"289","Mississippi",2020-03-12,"MS","2020-03-12 09:33:03",1,0,0,"32.7416","-89.6787","0","0","0","0","0","0","0","999","0","0","0","0",6,46,21,46,7,4.05,20,19
"290","Mississippi",2020-03-13,"MS","2020-03-14 16:53:03",6,0,0,"32.7416","-89.6787","0","0","0","0","0","0","0","999","0","0","0","1",6,46,21,46,7,4.05,20,19
"291","Mississippi",2020-03-14,"MS","2020-03-14 16:53:03",10,0,0,"32.7416","-89.6787","0","0","0","0","0","0","0","999","0","0","0","1",6,46,21,46,7,4.05,20,19
"292","Mississippi",2020-03-15,"MS","2020-03-16 22:33:03",13,0,0,"32.7416","-89.6787","0","0","0","0","0","0","0","999","0","0","0","1",6,46,21,46,7,4.05,20,19
"293","Mississippi",2020-03-16,"MS","2020-03-16 22:33:03",13,0,0,"32.7416","-89.6787","0","0","0","0","0","0","0","999","0","0","0","1",6,46,21,46,7,4.05,20,19
"294","Mississippi",2020-03-17,"MS","2020-03-17 17:53:03",21,0,0,"32.7416","-89.6787","0","0","0","0","0","0","0","999","0","0","0","1",6,46,21,46,7,4.05,20,19
"295","Mississippi",2020-03-18,"MS","2020-03-18 19:33:03",34,0,0,"32.7416","-89.6787","0","0","0","0","0","0","0","999","0","0","0","1",6,46,21,46,7,4.05,20,19
"296","Mississippi",2020-03-19,"MS","2020-03-19 23:43:04",50,1,0,"32.7416","-89.6787","0","0","0","0","0","0","0","999","1","0","0","1",6,46,21,46,7,4.05,20,19
"297","Mississippi",2020-03-20,"MS","2020-03-20 16:43:10",80,1,0,"32.7416","-89.6787","0","0","0","0","0","0","0","999","1","0","1","1",6,46,21,46,7,4.05,20,19
"298","Mississippi",2020-03-21,"MS","2020-03-21 17:13:44",140,1,0,"32.7416","-89.6787","0","0","0","0","0","0","0","999","1","0","1","1",6,46,21,46,7,4.05,20,19
"299","Missouri",2020-03-10,"MO","2020-03-10 03:13:17",1,0,0,"38.4561","-92.2884","0","0","0","0","0","0","0","999","0","0","0","0",24,11,41,11,19,3.06,29,24
"300","Missouri",2020-03-11,"MO","2020-03-11 20:00:00",2,0,0,"38.456085","-92.288368","0","0","0","0","0","0","0","999","0","0","0","0",24,11,41,11,19,3.06,29,24
"301","Missouri",2020-03-12,"MO","2020-03-14 16:53:03",4,0,0,"38.4561","-92.2884","0","0","0","0","0","0","0","999","0","0","0","1",24,11,41,11,19,3.06,29,24
"302","Missouri",2020-03-13,"MO","2020-03-14 16:53:03",4,0,0,"38.4561","-92.2884","0","0","0","0","0","0","0","999","0","0","0","1",24,11,41,11,19,3.06,29,24
"303","Missouri",2020-03-14,"MO","2020-03-14 16:53:03",4,0,0,"38.4561","-92.2884","0","0","0","0","0","0","0","999","0","0","0","1",24,11,41,11,19,3.06,29,24
"304","Missouri",2020-03-15,"MO","2020-03-15 18:20:19",5,0,0,"38.4561","-92.2884","0","0","0","0","0","0","0","999","0","0","0","1",24,11,41,11,19,3.06,29,24
"305","Missouri",2020-03-16,"MO","2020-03-16 17:13:23",6,0,0,"38.4561","-92.2884","0","0","0","0","0","0","0","999","0","0","0","1",24,11,41,11,19,3.06,29,24
"306","Missouri",2020-03-17,"MO","2020-03-17 23:33:02",11,0,0,"38.4561","-92.2884","0","0","0","0","0","0","0","999","0","0","0","1",24,11,41,11,19,3.06,29,24
"307","Missouri",2020-03-18,"MO","2020-03-18 19:33:03",18,0,0,"38.4561","-92.2884","0","0","0","0","0","0","0","999","0","0","0","1",24,11,41,11,19,3.06,29,24
"308","Missouri",2020-03-19,"MO","2020-03-19 23:43:04",31,1,0,"38.4561","-92.2884","0","0","0","0","0","0","0","999","0","0","0","1",24,11,41,11,19,3.06,29,24
"309","Missouri",2020-03-20,"MO","2020-03-20 21:43:03",53,2,0,"38.4561","-92.2884","0","0","0","0","0","0","0","999","0","0","0","1",24,11,41,11,19,3.06,29,24
"310","Missouri",2020-03-21,"MO","2020-03-21 17:43:03",74,3,0,"38.4561","-92.2884","0","0","0","0","0","0","0","10","1","1","0","1",24,11,41,11,19,3.06,29,24
"311","Montana",2020-03-10,"MT","2020-03-10 02:33:04",0,0,0,"46.9219","-110.4544","0","0","0","0","0","0","0","999","0","0","0","0",43,32,47,32,33,3.34,14,42
"312","Montana",2020-03-11,"MT","2020-03-11 23:13:06",1,0,0,"46.9219","-110.4544","0","0","0","0","0","0","0","999","0","0","0","0",43,32,47,32,33,3.34,14,42
"313","Montana",2020-03-12,"MT","2020-03-14 16:53:03",5,0,0,"46.9219","-110.4544","0","0","0","0","0","0","0","999","0","0","0","1",43,32,47,32,33,3.34,14,42
"314","Montana",2020-03-13,"MT","2020-03-14 16:53:03",5,0,0,"46.9219","-110.4544","0","0","0","0","0","0","0","999","0","0","0","1",43,32,47,32,33,3.34,14,42
"315","Montana",2020-03-14,"MT","2020-03-14 16:53:03",5,0,0,"46.9219","-110.4544","0","0","0","0","0","0","0","999","0","0","0","1",43,32,47,32,33,3.34,14,42
"316","Montana",2020-03-15,"MT","2020-03-15 18:20:19",7,0,0,"46.9219","-110.4544","0","0","0","0","0","0","0","999","1","0","0","1",43,32,47,32,33,3.34,14,42
"317","Montana",2020-03-16,"MT","2020-03-17 17:33:03",9,0,0,"46.9219","-110.4544","0","0","0","0","0","0","0","999","1","0","0","1",43,32,47,32,33,3.34,14,42
"318","Montana",2020-03-17,"MT","2020-03-17 17:33:03",9,0,0,"46.9219","-110.4544","0","0","0","0","0","0","0","999","1","0","0","1",43,32,47,32,33,3.34,14,42
"319","Montana",2020-03-18,"MT","2020-03-18 19:33:03",11,0,0,"46.9219","-110.4544","0","0","0","0","0","0","0","999","1","0","0","1",43,32,47,32,33,3.34,14,42
"320","Montana",2020-03-19,"MT","2020-03-20 16:43:10",15,0,0,"46.9219","-110.4544","0","0","0","0","0","0","0","999","1","1","0","1",43,32,47,32,33,3.34,14,42
"321","Montana",2020-03-20,"MT","2020-03-20 16:43:10",15,0,0,"46.9219","-110.4544","0","0","0","0","0","0","0","999","1","1","0","1",43,32,47,32,33,3.34,14,42
"322","Montana",2020-03-21,"MT","2020-03-21 17:43:03",21,0,0,"46.9219","-110.4544","0","0","0","0","0","0","0","999","1","1","0","1",43,32,47,32,33,3.34,14,42
"323","Nebraska",2020-03-10,"NE","2020-03-10 03:13:17",3,0,0,"41.1254","-98.2681","0","0","0","0","0","0","0","999","0","0","0","0",2,39,10,39,44,3.55,7,36
"324","Nebraska",2020-03-11,"NE","2020-03-11 23:13:07",5,0,0,"41.1254","-98.2681","0","0","0","0","0","0","0","999","0","0","0","0",2,39,10,39,44,3.55,7,36
"325","Nebraska",2020-03-12,"NE","2020-03-12 01:53:03",10,0,0,"41.1254","-98.2681","0","0","0","0","0","0","0","999","0","0","0","0",2,39,10,39,44,3.55,7,36
"326","Nebraska",2020-03-13,"NE","2020-03-11 20:00:00",13,0,0,"41.12537","-98.268082","0","0","0","0","0","0","0","999","0","0","0","0",2,39,10,39,44,3.55,7,36
"327","Nebraska",2020-03-14,"NE","2020-03-14 16:53:03",14,0,0,"41.1254","-98.2681","0","0","0","0","0","0","0","999","0","0","0","1",2,39,10,39,44,3.55,7,36
"328","Nebraska",2020-03-15,"NE","2020-03-15 18:20:19",17,0,0,"41.1254","-98.2681","0","0","0","0","0","0","0","999","0","0","0","1",2,39,10,39,44,3.55,7,36
"329","Nebraska",2020-03-16,"NE","2020-03-16 17:13:23",18,0,0,"41.1254","-98.2681","0","0","0","0","0","0","0","999","0","0","0","1",2,39,10,39,44,3.55,7,36
"330","Nebraska",2020-03-17,"NE","2020-03-17 17:53:03",21,0,0,"41.1254","-98.2681","0","0","0","0","0","0","0","999","0","0","0","1",2,39,10,39,44,3.55,7,36
"331","Nebraska",2020-03-18,"NE","2020-03-18 13:53:03",24,0,0,"41.1254","-98.2681","0","0","0","0","0","0","0","999","0","0","0","1",2,39,10,39,44,3.55,7,36
"332","Nebraska",2020-03-19,"NE","2020-03-19 02:33:09",29,0,0,"41.1254","-98.2681","0","0","0","0","0","0","0","10","1","0","0","1",2,39,10,39,44,3.55,7,36
"333","Nebraska",2020-03-20,"NE","2020-03-20 21:43:03",37,0,0,"41.1254","-98.2681","0","0","0","0","0","0","0","10","1","0","0","1",2,39,10,39,44,3.55,7,36
"334","Nebraska",2020-03-21,"NE","2020-03-21 17:43:03",38,0,0,"41.1254","-98.2681","0","0","0","0","0","0","0","10","1","0","0","1",2,39,10,39,44,3.55,7,36
"335","Nevada",2020-03-10,"NV","2020-03-10 02:33:04",4,0,0,"38.3135","-117.0554","0","0","0","0","0","0","0","999","0","0","0","0",8,47,18,47,43,2.14,7,36
"336","Nevada",2020-03-11,"NV","2020-03-11 22:53:03",7,0,0,"38.3135","-117.0554","0","0","0","0","0","0","0","999","0","0","0","0",8,47,18,47,43,2.14,7,36
"337","Nevada",2020-03-12,"NV","2020-03-12 23:44:33",14,0,0,"38.3135","-117.0554","0","0","0","0","0","0","0","999","0","0","0","0",8,47,18,47,43,2.14,7,36
"338","Nevada",2020-03-13,"NV","2020-03-11 20:00:00",17,0,0,"38.313515","-117.055374","0","0","0","0","0","0","0","999","0","0","0","0",8,47,18,47,43,2.14,7,36
"339","Nevada",2020-03-14,"NV","2020-03-14 22:33:03",24,0,0,"38.3135","-117.0554","0","0","0","0","0","0","0","999","0","0","0","1",8,47,18,47,43,2.14,7,36
"340","Nevada",2020-03-15,"NV","2020-03-16 20:13:20",45,1,0,"38.3135","-117.0554","0","0","0","0","0","0","0","999","1","0","0","1",8,47,18,47,43,2.14,7,36
"341","Nevada",2020-03-16,"NV","2020-03-16 20:13:20",45,1,0,"38.3135","-117.0554","0","0","0","0","0","0","0","999","1","0","0","1",8,47,18,47,43,2.14,7,36
"342","Nevada",2020-03-17,"NV","2020-03-17 23:33:02",56,1,0,"38.3135","-117.0554","0","0","1","0","0","0","0","999","1","1","0","1",8,47,18,47,43,2.14,7,36
"343","Nevada",2020-03-18,"NV","2020-03-18 19:14:34",55,1,0,"38.3135","-117.0554","0","0","1","0","0","0","0","999","1","1","0","1",8,47,18,47,43,2.14,7,36
"344","Nevada",2020-03-19,"NV","2020-03-19 21:43:03",95,1,0,"38.3135","-117.0554","0","0","1","0","0","0","0","999","1","1","0","1",8,47,18,47,43,2.14,7,36
"345","Nevada",2020-03-20,"NV","2020-03-20 23:43:03",114,1,0,"38.3135","-117.0554","0","0","1","0","0","0","1","999","1","1","0","1",8,47,18,47,43,2.14,7,36
"346","Nevada",2020-03-21,"NV","2020-03-21 02:43:03",161,2,0,"38.3135","-117.0554","0","0","1","0","0","0","1","999","1","1","0","1",8,47,18,47,43,2.14,7,36
"347","New Hampshire",2020-03-10,"NH","2020-03-10 02:33:04",4,0,0,"43.4525","-71.5639","0","1","0","0","0","0","0","999","0","0","0","0",49,35,8,35,25,2.06,10,35
"348","New Hampshire",2020-03-11,"NH","2020-03-11 20:00:00",6,0,0,"43.452492","-71.563896","0","1","0","0","0","0","0","999","0","0","0","0",49,35,8,35,25,2.06,10,35
"349","New Hampshire",2020-03-12,"NH","2020-03-12 21:39:10",6,0,0,"43.4525","-71.5639","0","1","0","0","0","0","0","999","0","0","0","0",49,35,8,35,25,2.06,10,35
"350","New Hampshire",2020-03-13,"NH","2020-03-14 16:53:03",7,0,0,"43.4525","-71.5639","0","1","0","0","0","0","0","999","0","0","0","1",49,35,8,35,25,2.06,10,35
"351","New Hampshire",2020-03-14,"NH","2020-03-14 16:53:03",13,0,0,"43.4525","-71.5639","0","1","0","0","0","0","0","999","0","0","0","1",49,35,8,35,25,2.06,10,35
"352","New Hampshire",2020-03-15,"NH","2020-03-16 22:33:03",17,0,0,"43.4525","-71.5639","0","1","0","0","0","0","0","50","1","1","0","1",49,35,8,35,25,2.06,10,35
"353","New Hampshire",2020-03-16,"NH","2020-03-16 22:33:03",17,0,0,"43.4525","-71.5639","0","1","0","0","0","0","0","50","1","1","0","1",49,35,8,35,25,2.06,10,35
"354","New Hampshire",2020-03-17,"NH","2020-03-17 23:13:10",26,0,0,"43.4525","-71.5639","0","1","0","0","0","0","0","50","1","1","0","1",49,35,8,35,25,2.06,10,35
"355","New Hampshire",2020-03-18,"NH","2020-03-19 23:43:04",44,0,0,"43.4525","-71.5639","0","1","0","0","0","0","0","50","1","1","0","1",49,35,8,35,25,2.06,10,35
"356","New Hampshire",2020-03-19,"NH","2020-03-19 23:43:04",44,0,0,"43.4525","-71.5639","0","1","0","0","0","0","0","50","1","1","0","1",49,35,8,35,25,2.06,10,35
"357","New Hampshire",2020-03-20,"NH","2020-03-21 00:13:22",55,0,0,"43.4525","-71.5639","0","1","0","0","0","0","0","50","1","1","0","1",49,35,8,35,25,2.06,10,35
"358","New Hampshire",2020-03-21,"NH","2020-03-21 00:13:22",55,0,0,"43.4525","-71.5639","0","1","0","0","0","0","0","50","1","1","0","1",49,35,8,35,25,2.06,10,35
"359","New Jersey",2020-03-10,"NJ","2020-03-10 18:13:16",15,1,0,"40.2989","-74.521","0","0","0","0","1","0","0","999","0","0","0","1",38,23,46,23,26,2.35,23,4
"360","New Jersey",2020-03-11,"NJ","2020-03-11 20:00:00",29,1,0,"40.298904","-74.521011","0","0","0","0","1","0","0","999","0","0","0","1",38,23,46,23,26,2.35,23,4
"361","New Jersey",2020-03-12,"NJ","2020-03-12 21:39:10",29,1,0,"40.2989","-74.521","0","0","0","0","1","0","0","999","0","0","0","1",38,23,46,23,26,2.35,23,4
"362","New Jersey",2020-03-13,"NJ","2020-03-14 22:13:32",69,1,0,"40.2989","-74.521","0","0","0","0","1","0","0","999","0","0","0","1",38,23,46,23,26,2.35,23,4
"363","New Jersey",2020-03-14,"NJ","2020-03-14 22:13:32",69,1,0,"40.2989","-74.521","0","0","0","0","1","0","0","999","0","0","0","1",38,23,46,23,26,2.35,23,4
"364","New Jersey",2020-03-15,"NJ","2020-03-15 18:20:19",98,2,0,"40.2989","-74.521","0","0","0","0","1","0","0","999","0","0","0","1",38,23,46,23,26,2.35,23,4
"365","New Jersey",2020-03-16,"NJ","2020-03-16 22:13:21",178,2,1,"40.2989","-74.521","0","0","0","0","1","0","0","50","1","1","0","1",38,23,46,23,26,2.35,23,4
"366","New Jersey",2020-03-17,"NJ","2020-03-17 20:13:22",267,3,1,"40.2989","-74.521","0","0","0","0","1","0","0","50","1","1","0","1",38,23,46,23,26,2.35,23,4
"367","New Jersey",2020-03-18,"NJ","2020-03-18 14:13:56",267,3,0,"40.2989","-74.521","0","0","0","0","1","0","0","50","1","1","0","1",38,23,46,23,26,2.35,23,4
"368","New Jersey",2020-03-19,"NJ","2020-03-19 23:43:04",742,9,0,"40.2989","-74.521","0","0","0","0","1","0","0","50","1","1","0","1",38,23,46,23,26,2.35,23,4
"369","New Jersey",2020-03-20,"NJ","2020-03-20 21:13:32",890,11,0,"40.2989","-74.521","0","0","0","0","1","0","0","50","1","1","0","1",38,23,46,23,26,2.35,23,4
"370","New Jersey",2020-03-21,"NJ","2020-03-21 19:43:03",1327,16,0,"40.2989","-74.521","0","0","0","0","1","0","0","50","1","1","0","1",38,23,46,23,26,2.35,23,4
"371","New Mexico",2020-03-10,"NM","2020-03-10 02:33:04",0,0,0,"34.8405","-106.2485","0","0","0","0","0","0","0","999","0","0","0","0",3,43,11,43,34,1.82,17,17
"372","New Mexico",2020-03-11,"NM","2020-03-11 20:00:00",10,0,0,"34.840515","-106.248482","0","0","0","0","0","0","0","999","0","0","0","1",3,43,11,43,34,1.82,17,17
"373","New Mexico",2020-03-12,"NM","2020-03-12 23:44:33",5,0,0,"34.8405","-106.2485","0","0","0","0","0","0","0","999","0","0","0","1",3,43,11,43,34,1.82,17,17
"374","New Mexico",2020-03-13,"NM","2020-03-14 00:13:05",10,0,0,"34.8405","-106.2485","1","0","0","0","0","0","0","999","1","0","0","1",3,43,11,43,34,1.82,17,17
"375","New Mexico",2020-03-14,"NM","2020-03-14 00:13:05",10,0,0,"34.8405","-106.2485","1","0","0","0","0","0","0","999","1","0","0","1",3,43,11,43,34,1.82,17,17
"376","New Mexico",2020-03-15,"NM","2020-03-15 02:53:03",13,0,0,"34.8405","-106.2485","1","0","0","0","0","0","0","999","1","1","0","1",3,43,11,43,34,1.82,17,17
"377","New Mexico",2020-03-16,"NM","2020-03-16 02:53:12",17,0,0,"34.8405","-106.2485","1","0","0","0","0","0","0","999","1","1","0","1",3,43,11,43,34,1.82,17,17
"378","New Mexico",2020-03-17,"NM","2020-03-17 23:13:10",23,0,0,"34.8405","-106.2485","1","0","0","0","0","0","0","999","1","1","0","1",3,43,11,43,34,1.82,17,17
"379","New Mexico",2020-03-18,"NM","2020-03-19 21:43:03",35,0,0,"34.8405","-106.2485","1","0","0","0","0","0","0","999","1","1","0","1",3,43,11,43,34,1.82,17,17
"380","New Mexico",2020-03-19,"NM","2020-03-19 21:43:03",35,0,0,"34.8405","-106.2485","1","0","0","0","0","0","0","999","1","1","0","1",3,43,11,43,34,1.82,17,17
"381","New Mexico",2020-03-20,"NM","2020-03-20 21:43:03",43,0,0,"34.8405","-106.2485","1","0","0","0","0","0","0","999","1","1","0","1",3,43,11,43,34,1.82,17,17
"382","New Mexico",2020-03-21,"NM","2020-03-20 21:43:03",43,0,0,"34.8405","-106.2485","1","0","0","0","0","0","0","999","1","1","0","1",3,43,11,43,34,1.82,17,17
"383","New York",2020-03-10,"NY","2020-03-10 17:13:27",173,0,0,"42.1657","-74.9481","0","0","0","0","0","0","0","999","0","0","0","1",11,38,5,38,41,2.66,62,46
"384","New York",2020-03-11,"NY","2020-03-11 22:53:03",220,0,0,"42.1657","-74.9481","0","0","0","0","0","0","0","999","0","0","0","1",11,38,5,38,41,2.66,62,46
"385","New York",2020-03-12,"NY","2020-03-12 21:39:10",328,0,0,"42.1657","-74.9481","0","0","0","0","0","0","0","999","0","0","0","1",11,38,5,38,41,2.66,62,46
"386","New York",2020-03-13,"NY","2020-03-11 20:00:00",421,0,0,"42.165726","-74.948051","0","0","0","0","0","0","0","999","0","0","0","1",11,38,5,38,41,2.66,62,46
"387","New York",2020-03-14,"NY","2020-03-14 22:13:32",525,2,0,"42.1657","-74.9481","0","0","0","0","0","0","0","999","0","1","0","1",11,38,5,38,41,2.66,62,46
"388","New York",2020-03-15,"NY","2020-03-15 18:20:19",732,3,0,"42.1657","-74.9481","0","0","0","0","0","0","0","999","0","1","0","1",11,38,5,38,41,2.66,62,46
"389","New York",2020-03-16,"NY","2020-03-16 21:53:03",967,10,0,"42.1657","-74.9481","0","0","1","0","0","0","0","999","1","1","0","1",11,38,5,38,41,2.66,62,46
"390","New York",2020-03-17,"NY","2020-03-17 22:53:03",1706,13,0,"42.1657","-74.9481","0","0","1","0","1","0","0","999","1","1","0","1",11,38,5,38,41,2.66,62,46
"391","New York",2020-03-18,"NY","2020-03-18 19:33:03",2495,16,0,"42.1657","-74.9481","0","0","1","0","1","0","0","999","1","1","0","1",11,38,5,38,41,2.66,62,46
"392","New York",2020-03-19,"NY","2020-03-19 23:43:04",5365,34,0,"42.1657","-74.9481","0","0","1","0","1","0","0","999","1","1","0","1",11,38,5,38,41,2.66,62,46
"393","New York",2020-03-20,"NY","2020-03-20 22:14:43",8310,42,0,"42.1657","-74.9481","0","0","1","0","1","1","1","0","1","1","0","1",11,38,5,38,41,2.66,62,46
"394","New York",2020-03-21,"NY","2020-03-21 22:43:04",11710,60,0,"42.1657","-74.9481","0","0","1","0","1","1","1","0","1","1","0","1",11,38,5,38,41,2.66,62,46
"395","North Carolina",2020-03-10,"NC","2020-03-10 02:33:04",7,0,0,"35.6301","-79.8064","0","0","0","0","0","0","0","999","0","0","0","1",40,25,51,25,27,2.08,40,22
"396","North Carolina",2020-03-11,"NC","2020-03-11 20:00:00",17,0,0,"35.630066","-79.806419","0","0","0","0","0","0","0","999","0","0","0","1",40,25,51,25,27,2.08,40,22
"397","North Carolina",2020-03-12,"NC","2020-03-12 21:39:10",15,0,0,"35.6301","-79.8064","0","0","0","0","0","0","0","999","0","0","0","1",40,25,51,25,27,2.08,40,22
"398","North Carolina",2020-03-13,"NC","2020-03-14 18:13:23",24,0,0,"35.6301","-79.8064","0","0","0","0","0","0","0","50","1","1","0","1",40,25,51,25,27,2.08,40,22
"399","North Carolina",2020-03-14,"NC","2020-03-14 18:13:23",24,0,0,"35.6301","-79.8064","0","0","0","0","0","0","0","50","1","1","0","1",40,25,51,25,27,2.08,40,22
"400","North Carolina",2020-03-15,"NC","2020-03-15 18:20:19",33,0,0,"35.6301","-79.8064","0","0","0","0","0","0","0","50","1","1","0","1",40,25,51,25,27,2.08,40,22
"401","North Carolina",2020-03-16,"NC","2020-03-16 23:53:03",38,0,0,"35.6301","-79.8064","0","0","0","0","0","0","0","50","1","1","0","1",40,25,51,25,27,2.08,40,22
"402","North Carolina",2020-03-17,"NC","2020-03-17 23:13:10",64,0,0,"35.6301","-79.8064","0","0","0","0","0","0","0","50","1","1","0","1",40,25,51,25,27,2.08,40,22
"403","North Carolina",2020-03-18,"NC","2020-03-18 19:14:34",70,0,0,"35.6301","-79.8064","0","0","0","0","0","0","0","50","1","1","0","1",40,25,51,25,27,2.08,40,22
"404","North Carolina",2020-03-19,"NC","2020-03-19 23:43:04",123,0,0,"35.6301","-79.8064","0","0","0","0","0","0","0","50","1","1","0","1",40,25,51,25,27,2.08,40,22
"405","North Carolina",2020-03-20,"NC","2020-03-20 23:43:03",172,0,0,"35.6301","-79.8064","0","0","0","0","0","0","0","50","1","1","0","1",40,25,51,25,27,2.08,40,22
"406","North Carolina",2020-03-21,"NC","2020-03-21 23:13:18",253,0,0,"35.6301","-79.8064","0","0","0","0","0","0","0","50","1","1","0","1",40,25,51,25,27,2.08,40,22
"407","North Dakota",2020-03-10,"ND","2020-03-10 02:33:04",0,0,0,"47.5289","-99.784","0","0","0","0","0","0","0","999","0","0","0","0",34,20,35,20,30,4.27,4,21
"408","North Dakota",2020-03-11,"ND","2020-03-11 20:00:00",1,0,0,"47.528912","-99.784012","0","0","0","0","0","0","0","999","0","0","0","0",34,20,35,20,30,4.27,4,21
"409","North Dakota",2020-03-12,"ND","2020-03-12 09:33:03",1,0,0,"47.5289","-99.784","0","0","0","0","0","0","0","999","0","0","0","0",34,20,35,20,30,4.27,4,21
"410","North Dakota",2020-03-13,"ND","2020-03-17 23:33:02",3,0,0,"47.5289","-99.784","0","0","0","0","0","0","0","999","1","0","0","1",34,20,35,20,30,4.27,4,21
"411","North Dakota",2020-03-14,"ND","2020-03-17 23:33:02",3,0,0,"47.5289","-99.784","0","0","0","0","0","0","0","999","1","0","0","1",34,20,35,20,30,4.27,4,21
"412","North Dakota",2020-03-15,"ND","2020-03-17 23:33:02",3,0,0,"47.5289","-99.784","0","0","0","0","0","0","0","999","1","0","0","1",34,20,35,20,30,4.27,4,21
"413","North Dakota",2020-03-16,"ND","2020-03-17 23:33:02",3,0,0,"47.5289","-99.784","0","0","0","0","0","0","0","999","1","0","0","1",34,20,35,20,30,4.27,4,21
"414","North Dakota",2020-03-17,"ND","2020-03-17 23:33:02",3,0,0,"47.5289","-99.784","0","0","0","0","0","0","0","999","1","0","0","1",34,20,35,20,30,4.27,4,21
"415","North Dakota",2020-03-18,"ND","2020-03-18 19:33:03",6,0,0,"47.5289","-99.784","0","0","0","0","0","0","0","999","1","0","0","1",34,20,35,20,30,4.27,4,21
"416","North Dakota",2020-03-19,"ND","2020-03-19 23:43:04",18,0,0,"47.5289","-99.784","0","0","0","0","0","0","0","999","1","1","0","1",34,20,35,20,30,4.27,4,21
"417","North Dakota",2020-03-20,"ND","2020-03-20 02:43:10",19,0,0,"47.5289","-99.784","0","0","0","0","0","0","0","999","1","1","0","1",34,20,35,20,30,4.27,4,21
"418","North Dakota",2020-03-21,"ND","2020-03-21 23:13:18",28,0,0,"47.5289","-99.784","0","0","0","0","0","0","0","999","1","1","0","1",34,20,35,20,30,4.27,4,21
"419","Ohio",2020-03-10,"OH","2020-03-10 03:13:17",3,0,0,"40.3888","-82.7649","0","0","0","0","0","0","0","999","0","0","0","1",45,28,3,28,37,2.84,47,29
"420","Ohio",2020-03-11,"OH","2020-03-11 18:52:04",4,0,0,"40.3888","-82.7649","0","0","0","0","0","0","0","999","0","0","0","1",45,28,3,28,37,2.84,47,29
"421","Ohio",2020-03-12,"OH","2020-03-12 09:33:03",5,0,0,"40.3888","-82.7649","0","0","0","0","0","0","0","999","1","0","0","1",45,28,3,28,37,2.84,47,29
"422","Ohio",2020-03-13,"OH","2020-03-11 20:00:00",13,0,0,"40.388783","-82.764915","0","0","0","0","0","0","0","999","0","0","0","1",45,28,3,28,37,2.84,47,29
"423","Ohio",2020-03-14,"OH","2020-03-14 18:53:03",26,0,0,"40.3888","-82.7649","0","0","0","0","0","0","0","999","1","0","0","1",45,28,3,28,37,2.84,47,29
"424","Ohio",2020-03-15,"OH","2020-03-15 18:20:19",37,0,0,"40.3888","-82.7649","0","0","0","0","0","0","0","999","1","1","0","1",45,28,3,28,37,2.84,47,29
"425","Ohio",2020-03-16,"OH","2020-03-16 20:13:21",50,0,0,"40.3888","-82.7649","0","0","0","0","0","0","0","999","1","1","1","1",45,28,3,28,37,2.84,47,29
"426","Ohio",2020-03-17,"OH","2020-03-17 20:53:02",67,0,0,"40.3888","-82.7649","0","0","0","0","0","0","0","999","1","1","1","1",45,28,3,28,37,2.84,47,29
"427","Ohio",2020-03-18,"OH","2020-03-18 19:14:34",86,0,0,"40.3888","-82.7649","0","0","0","0","0","0","0","999","1","1","1","1",45,28,3,28,37,2.84,47,29
"428","Ohio",2020-03-19,"OH","2020-03-19 21:43:03",119,0,0,"40.3888","-82.7649","0","0","0","0","0","0","0","999","1","1","1","1",45,28,3,28,37,2.84,47,29
"429","Ohio",2020-03-20,"OH","2020-03-20 23:43:03",173,2,0,"40.3888","-82.7649","0","0","0","0","0","0","0","999","1","1","1","1",45,28,3,28,37,2.84,47,29
"430","Ohio",2020-03-21,"OH","2020-03-21 19:43:03",248,3,0,"40.3888","-82.7649","0","0","0","0","0","0","0","999","1","1","1","1",45,28,3,28,37,2.84,47,29
"431","Oklahoma",2020-03-10,"OK","2020-03-10 17:13:25",2,0,0,"35.5653","-96.9289","0","0","0","0","0","0","0","999","0","0","0","0",14,52,24,52,5,2.83,20,50
"432","Oklahoma",2020-03-11,"OK","2020-03-11 20:00:00",2,0,0,"35.565342","-96.928917","0","0","0","0","0","0","0","999","0","0","0","0",14,52,24,52,5,2.83,20,50
"433","Oklahoma",2020-03-12,"OK","2020-03-14 16:53:03",4,0,0,"35.5653","-96.9289","0","0","0","0","0","0","0","999","0","0","0","0",14,52,24,52,5,2.83,20,50
"434","Oklahoma",2020-03-13,"OK","2020-03-14 16:53:03",4,0,0,"35.5653","-96.9289","0","0","0","0","0","0","0","999","0","0","0","0",14,52,24,52,5,2.83,20,50
"435","Oklahoma",2020-03-14,"OK","2020-03-14 16:53:03",7,0,0,"35.5653","-96.9289","0","0","0","0","0","0","0","999","0","0","0","0",14,52,24,52,5,2.83,20,50
"436","Oklahoma",2020-03-15,"OK","2020-03-16 18:14:12",10,0,0,"35.5653","-96.9289","0","0","0","0","0","0","0","999","1","0","0","1",14,52,24,52,5,2.83,20,50
"437","Oklahoma",2020-03-16,"OK","2020-03-16 18:14:12",10,0,0,"35.5653","-96.9289","0","0","0","0","0","0","0","999","1","0","0","1",14,52,24,52,5,2.83,20,50
"438","Oklahoma",2020-03-17,"OK","2020-03-17 17:53:03",19,0,0,"35.5653","-96.9289","0","0","0","0","0","0","0","999","1","0","0","1",14,52,24,52,5,2.83,20,50
"439","Oklahoma",2020-03-18,"OK","2020-03-19 23:43:04",44,1,0,"35.5653","-96.9289","0","0","0","0","0","0","0","999","1","0","0","1",14,52,24,52,5,2.83,20,50
"440","Oklahoma",2020-03-19,"OK","2020-03-19 23:43:04",44,1,0,"35.5653","-96.9289","0","0","0","0","0","0","0","999","1","0","0","1",14,52,24,52,5,2.83,20,50
"441","Oklahoma",2020-03-20,"OK","2020-03-20 19:43:03",49,1,0,"35.5653","-96.9289","0","0","0","0","0","0","0","999","1","0","0","1",14,52,24,52,5,2.83,20,50
"442","Oklahoma",2020-03-21,"OK","2020-03-21 17:43:03",53,1,0,"35.5653","-96.9289","0","0","0","0","0","0","0","999","1","0","0","1",14,52,24,52,5,2.83,20,50
"443","Oregon",2020-03-10,"OR","2020-03-10 19:53:13",15,0,0,"44.572","-122.0709","0","0","0","0","1","0","0","999","0","0","0","1",15,2,26,2,46,1.65,30,20
"444","Oregon",2020-03-11,"OR","2020-03-11 22:53:03",19,0,0,"44.572","-122.0709","0","0","0","0","1","0","0","999","0","0","0","1",15,2,26,2,46,1.65,30,20
"445","Oregon",2020-03-12,"OR","2020-03-12 23:44:33",24,0,0,"44.572","-122.0709","0","0","0","0","1","0","0","999","0","0","0","1",15,2,26,2,46,1.65,30,20
"446","Oregon",2020-03-13,"OR","2020-03-11 20:00:00",30,0,0,"44.572021","-122.070938","0","0","0","0","1","0","0","999","0","0","0","1",15,2,26,2,46,1.65,30,20
"447","Oregon",2020-03-14,"OR","2020-03-14 16:33:03",32,0,0,"44.572","-122.0709","0","0","0","0","1","0","0","999","0","0","0","1",15,2,26,2,46,1.65,30,20
"448","Oregon",2020-03-15,"OR","2020-03-15 18:20:19",36,1,0,"44.572","-122.0709","0","0","0","0","1","0","0","999","0","0","0","1",15,2,26,2,46,1.65,30,20
"449","Oregon",2020-03-16,"OR","2020-03-16 02:33:09",39,1,0,"44.572","-122.0709","0","0","0","0","1","0","0","999","0","1","0","1",15,2,26,2,46,1.65,30,20
"450","Oregon",2020-03-17,"OR","2020-03-17 23:13:10",66,1,0,"44.572","-122.0709","0","0","0","0","1","0","0","999","1","1","0","1",15,2,26,2,46,1.65,30,20
"451","Oregon",2020-03-18,"OR","2020-03-18 13:53:03",68,2,0,"44.572","-122.0709","0","0","0","0","1","0","0","999","1","1","0","1",15,2,26,2,46,1.65,30,20
"452","Oregon",2020-03-19,"OR","2020-03-19 21:43:03",88,3,0,"44.572","-122.0709","0","0","0","0","1","0","0","999","1","1","0","1",15,2,26,2,46,1.65,30,20
"453","Oregon",2020-03-20,"OR","2020-03-20 21:43:03",114,3,0,"44.572","-122.0709","0","0","0","0","1","0","0","999","1","1","0","1",15,2,26,2,46,1.65,30,20
"454","Oregon",2020-03-21,"OR","2020-03-21 23:13:18",114,5,0,"44.572","-122.0709","0","0","0","0","1","0","0","999","1","1","0","1",15,2,26,2,46,1.65,30,20
"455","Pennsylvania",2020-03-10,"PA","2020-03-10 18:13:16",12,0,0,"40.5908","-77.2098","0","0","0","0","0","0","0","999","0","0","0","0",46,33,4,33,38,2.87,43,30
"456","Pennsylvania",2020-03-11,"PA","2020-03-11 22:53:03",16,0,0,"40.5908","-77.2098","0","0","0","0","0","0","0","999","0","0","0","0",46,33,4,33,38,2.87,43,30
"457","Pennsylvania",2020-03-12,"PA","2020-03-12 21:39:10",22,0,0,"40.5908","-77.2098","0","0","0","0","0","0","0","999","0","0","0","0",46,33,4,33,38,2.87,43,30
"458","Pennsylvania",2020-03-13,"PA","2020-03-11 20:00:00",41,0,0,"40.590752","-77.209755","0","0","0","0","0","0","0","999","0","0","0","0",46,33,4,33,38,2.87,43,30
"459","Pennsylvania",2020-03-14,"PA","2020-03-14 18:53:03",66,0,0,"40.5908","-77.2098","0","0","0","0","0","0","0","999","1","0","0","0",46,33,4,33,38,2.87,43,30
"460","Pennsylvania",2020-03-15,"PA","2020-03-16 20:13:20",77,0,0,"40.5908","-77.2098","0","0","0","0","0","0","0","999","1","0","0","1",46,33,4,33,38,2.87,43,30
"461","Pennsylvania",2020-03-16,"PA","2020-03-16 20:13:20",77,0,0,"40.5908","-77.2098","0","0","0","0","0","0","0","999","1","0","0","1",46,33,4,33,38,2.87,43,30
"462","Pennsylvania",2020-03-17,"PA","2020-03-17 23:13:10",112,0,0,"40.5908","-77.2098","0","0","0","0","0","0","0","999","1","0","0","1",46,33,4,33,38,2.87,43,30
"463","Pennsylvania",2020-03-18,"PA","2020-03-18 19:14:34",152,0,0,"40.5908","-77.2098","0","0","0","0","0","0","0","999","1","0","0","1",46,33,4,33,38,2.87,43,30
"464","Pennsylvania",2020-03-19,"PA","2020-03-19 21:13:35",206,1,0,"40.5908","-77.2098","0","0","0","0","0","0","1","999","1","0","0","1",46,33,4,33,38,2.87,43,30
"465","Pennsylvania",2020-03-20,"PA","2020-03-20 23:43:03",303,1,0,"40.5908","-77.2098","0","0","0","0","0","0","1","999","1","0","0","1",46,33,4,33,38,2.87,43,30
"466","Pennsylvania",2020-03-21,"PA","2020-03-21 23:13:17",396,2,0,"40.5908","-77.2098","0","0","0","0","0","0","1","999","1","0","0","1",46,33,4,33,38,2.87,43,30
"467","Rhode Island",2020-03-10,"RI","2020-03-10 03:13:17",3,0,0,"41.6809","-71.5118","0","0","0","0","1","0","0","999","0","0","0","1",44,31,50,31,23,2.07,8,38
"468","Rhode Island",2020-03-11,"RI","2020-03-11 03:13:08",5,0,0,"41.6809","-71.5118","0","0","0","0","1","0","0","999","0","0","0","1",44,31,50,31,23,2.07,8,38
"469","Rhode Island",2020-03-13,"RI","2020-03-14 18:53:03",20,0,0,"41.6809","-71.5118","0","1","0","0","1","1","0","999","0","0","0","1",44,31,50,31,23,2.07,8,38
"470","Rhode Island",2020-03-14,"RI","2020-03-14 18:53:03",20,0,0,"41.6809","-71.5118","0","1","0","0","1","1","0","999","0","0","0","1",44,31,50,31,23,2.07,8,38
"471","Rhode Island",2020-03-15,"RI","2020-03-16 18:14:12",21,0,0,"41.6809","-71.5118","0","1","0","0","1","1","0","25","0","1","0","1",44,31,50,31,23,2.07,8,38
"472","Rhode Island",2020-03-16,"RI","2020-03-16 18:14:12",21,0,0,"41.6809","-71.5118","0","1","0","0","1","1","0","25","0","1","0","1",44,31,50,31,23,2.07,8,38
"473","Rhode Island",2020-03-17,"RI","2020-03-17 20:53:02",23,0,0,"41.6809","-71.5118","0","1","0","0","1","1","0","25","0","1","0","1",44,31,50,31,23,2.07,8,38
"474","Rhode Island",2020-03-18,"RI","2020-03-18 19:33:03",33,0,0,"41.6809","-71.5118","0","1","0","0","1","1","0","25","1","1","0","1",44,31,50,31,23,2.07,8,38
"475","Rhode Island",2020-03-19,"RI","2020-03-19 23:43:04",44,0,0,"41.6809","-71.5118","0","1","0","0","1","1","0","25","1","1","0","1",44,31,50,31,23,2.07,8,38
"476","Rhode Island",2020-03-20,"RI","2020-03-20 19:43:03",54,0,0,"41.6809","-71.5118","0","1","0","0","1","1","0","25","1","1","0","1",44,31,50,31,23,2.07,8,38
"477","Rhode Island",2020-03-21,"RI","2020-03-21 19:43:03",66,0,0,"41.6809","-71.5118","0","1","0","0","1","1","0","25","1","1","0","1",44,31,50,31,23,2.07,8,38
"478","South Carolina",2020-03-10,"SC","2020-03-10 02:33:04",7,0,0,"33.8569","-80.945","0","0","0","0","0","0","0","999","0","0","0","0",19,7,32,7,9,2.38,23,15
"479","South Carolina",2020-03-11,"SC","2020-03-11 22:53:03",10,0,0,"33.8569","-80.945","0","0","0","0","0","0","0","999","0","0","0","0",19,7,32,7,9,2.38,23,15
"480","South Carolina",2020-03-12,"SC","2020-03-12 21:39:10",12,0,0,"33.8569","-80.945","0","0","0","0","0","0","0","999","0","0","0","0",19,7,32,7,9,2.38,23,15
"481","South Carolina",2020-03-13,"SC","2020-03-11 20:00:00",13,0,0,"33.856892","-80.945007","0","0","0","0","0","0","0","999","0","0","0","0",19,7,32,7,9,2.38,23,15
"482","South Carolina",2020-03-14,"SC","2020-03-14 22:33:03",28,0,0,"33.8569","-80.945","0","0","0","0","0","0","0","999","0","0","0","1",19,7,32,7,9,2.38,23,15
"483","South Carolina",2020-03-15,"SC","2020-03-16 22:33:03",33,1,0,"33.8569","-80.945","0","0","0","0","0","0","0","999","1","0","0","1",19,7,32,7,9,2.38,23,15
"484","South Carolina",2020-03-16,"SC","2020-03-16 22:33:03",33,1,0,"33.8569","-80.945","0","0","0","0","0","0","0","999","1","0","0","1",19,7,32,7,9,2.38,23,15
"485","South Carolina",2020-03-17,"SC","2020-03-17 23:13:10",47,1,0,"33.8569","-80.945","0","0","0","0","0","0","0","1","1","1","0","1",19,7,32,7,9,2.38,23,15
"486","South Carolina",2020-03-18,"SC","2020-03-19 23:43:04",81,1,0,"33.8569","-80.945","0","0","0","0","0","0","0","1","1","1","0","1",19,7,32,7,9,2.38,23,15
"487","South Carolina",2020-03-19,"SC","2020-03-19 23:43:04",81,1,0,"33.8569","-80.945","0","0","0","0","0","0","0","1","1","1","0","1",19,7,32,7,9,2.38,23,15
"488","South Carolina",2020-03-20,"SC","2020-03-20 23:43:03",126,1,0,"33.8569","-80.945","0","0","0","0","0","0","0","1","1","1","0","1",19,7,32,7,9,2.38,23,15
"489","South Carolina",2020-03-21,"SC","2020-03-21 23:13:17",171,3,0,"33.8569","-80.945","0","0","0","0","0","0","0","1","1","1","0","1",19,7,32,7,9,2.38,23,15
"490","South Dakota",2020-03-10,"SD","2020-03-10 02:33:04",0,0,0,"44.2998","-99.4388","0","0","0","0","0","0","0","999","0","0","0","0",37,29,39,29,39,4.76,4,37
"491","South Dakota",2020-03-11,"SD","2020-03-11 22:53:03",8,1,0,"44.2998","-99.4388","0","0","0","0","0","0","0","999","0","0","0","0",37,29,39,29,39,4.76,4,37
"492","South Dakota",2020-03-12,"SD","2020-03-14 16:53:03",9,1,0,"44.2998","-99.4388","0","0","0","0","0","0","0","999","1","0","0","1",37,29,39,29,39,4.76,4,37
"493","South Dakota",2020-03-13,"SD","2020-03-14 16:53:03",9,1,0,"44.2998","-99.4388","0","0","0","0","0","0","0","999","1","0","0","1",37,29,39,29,39,4.76,4,37
"494","South Dakota",2020-03-14,"SD","2020-03-14 16:53:03",9,1,0,"44.2998","-99.4388","0","0","0","0","0","0","0","999","1","0","0","1",37,29,39,29,39,4.76,4,37
"495","South Dakota",2020-03-15,"SD","2020-03-16 20:13:20",10,1,0,"44.2998","-99.4388","0","0","0","0","0","0","0","999","1","0","0","1",37,29,39,29,39,4.76,4,37
"496","South Dakota",2020-03-16,"SD","2020-03-16 20:13:20",10,1,0,"44.2998","-99.4388","0","0","0","0","0","0","0","999","1","0","0","1",37,29,39,29,39,4.76,4,37
"497","South Dakota",2020-03-17,"SD","2020-03-17 23:33:02",11,1,0,"44.2998","-99.4388","0","0","0","0","0","0","0","999","1","0","0","1",37,29,39,29,39,4.76,4,37
"498","South Dakota",2020-03-18,"SD","2020-03-20 02:43:10",14,1,0,"44.2998","-99.4388","0","0","0","0","0","0","0","999","1","0","0","1",37,29,39,29,39,4.76,4,37
"499","South Dakota",2020-03-19,"SD","2020-03-20 02:43:10",14,1,0,"44.2998","-99.4388","0","0","0","0","0","0","0","999","1","0","0","1",37,29,39,29,39,4.76,4,37
"500","South Dakota",2020-03-20,"SD","2020-03-20 02:43:10",14,1,0,"44.2998","-99.4388","0","0","0","0","0","0","0","999","1","0","0","1",37,29,39,29,39,4.76,4,37
"501","South Dakota",2020-03-21,"SD","2020-03-20 02:43:10",14,1,0,"44.2998","-99.4388","0","0","0","0","0","0","0","999","1","0","0","1",37,29,39,29,39,4.76,4,37
"502","Tennessee",2020-03-10,"TN","2020-03-10 19:53:13",7,0,0,"35.7478","-86.6923","0","0","0","0","0","0","0","999","0","0","0","0",27,13,45,13,20,2.86,29,16
"503","Tennessee",2020-03-11,"TN","2020-03-11 22:53:03",9,0,0,"35.7478","-86.6923","0","0","0","0","0","0","0","999","0","0","0","0",27,13,45,13,20,2.86,29,16
"504","Tennessee",2020-03-12,"TN","2020-03-12 21:39:10",18,0,0,"35.7478","-86.6923","0","0","0","0","0","0","0","999","0","0","0","1",27,13,45,13,20,2.86,29,16
"505","Tennessee",2020-03-13,"TN","2020-03-11 20:00:00",26,0,0,"35.747845","-86.692345","0","0","0","0","0","0","0","999","0","0","0","0",27,13,45,13,20,2.86,29,16
"506","Tennessee",2020-03-14,"TN","2020-03-14 22:33:04",39,0,0,"35.7478","-86.6923","0","0","0","0","0","0","0","999","0","0","0","1",27,13,45,13,20,2.86,29,16
"507","Tennessee",2020-03-15,"TN","2020-03-16 22:13:21",52,0,0,"35.7478","-86.6923","0","0","0","0","0","0","0","999","1","0","0","1",27,13,45,13,20,2.86,29,16
"508","Tennessee",2020-03-16,"TN","2020-03-16 22:13:21",52,0,0,"35.7478","-86.6923","0","0","0","0","0","0","0","999","1","0","0","1",27,13,45,13,20,2.86,29,16
"509","Tennessee",2020-03-17,"TN","2020-03-17 23:13:10",74,0,0,"35.7478","-86.6923","0","0","0","0","0","0","0","999","1","0","0","1",27,13,45,13,20,2.86,29,16
"510","Tennessee",2020-03-18,"TN","2020-03-18 19:14:34",79,0,0,"35.7478","-86.6923","0","0","0","0","0","0","0","999","1","0","0","1",27,13,45,13,20,2.86,29,16
"511","Tennessee",2020-03-19,"TN","2020-03-19 21:13:40",154,0,0,"35.7478","-86.6923","0","0","0","0","0","0","0","999","1","0","0","1",27,13,45,13,20,2.86,29,16
"512","Tennessee",2020-03-20,"TN","2020-03-20 23:43:03",233,0,0,"35.7478","-86.6923","0","0","0","0","0","0","0","999","1","0","0","1",27,13,45,13,20,2.86,29,16
"513","Tennessee",2020-03-21,"TN","2020-03-21 23:13:18",371,1,0,"35.7478","-86.6923","0","0","0","0","0","0","0","999","1","0","0","1",27,13,45,13,20,2.86,29,16
"514","Texas",2020-03-10,"TX","2020-03-10 04:13:13",13,0,0,"31.0545","-97.5635","0","0","0","0","0","0","0","999","0","0","0","0",13,40,13,40,47,2.29,72,39
"515","Texas",2020-03-11,"TX","2020-03-11 22:53:03",21,0,0,"31.0545","-97.5635","0","0","0","0","0","0","0","999","0","0","0","0",13,40,13,40,47,2.29,72,39
"516","Texas",2020-03-12,"TX","2020-03-12 23:44:33",27,0,0,"31.0545","-97.5635","0","0","0","0","0","0","0","999","0","0","0","0",13,40,13,40,47,2.29,72,39
"517","Texas",2020-03-13,"TX","2020-03-11 20:00:00",43,0,0,"31.054487","-97.563461","0","0","0","0","0","0","0","999","0","0","0","0",13,40,13,40,47,2.29,72,39
"518","Texas",2020-03-14,"TX","2020-03-14 22:33:03",57,0,0,"31.0545","-97.5635","0","0","0","0","0","0","0","999","0","0","0","1",13,40,13,40,47,2.29,72,39
"519","Texas",2020-03-15,"TX","2020-03-15 18:20:19",72,0,0,"31.0545","-97.5635","0","0","0","0","0","0","0","999","0","0","0","1",13,40,13,40,47,2.29,72,39
"520","Texas",2020-03-16,"TX","2020-03-16 23:53:03",85,0,0,"31.0545","-97.5635","0","0","0","0","0","0","0","999","0","0","0","1",13,40,13,40,47,2.29,72,39
"521","Texas",2020-03-17,"TX","2020-03-17 20:13:22",110,1,0,"31.0545","-97.5635","0","0","0","0","0","0","0","999","0","0","0","1",13,40,13,40,47,2.29,72,39
"522","Texas",2020-03-18,"TX","2020-03-18 19:53:03",173,3,0,"31.0545","-97.5635","0","0","0","0","0","0","0","999","0","0","0","1",13,40,13,40,47,2.29,72,39
"523","Texas",2020-03-19,"TX","2020-03-19 21:13:35",260,5,0,"31.0545","-97.5635","0","0","0","0","0","0","0","10","1","1","0","1",13,40,13,40,47,2.29,72,39
"524","Texas",2020-03-20,"TX","2020-03-20 23:43:03",394,5,0,"31.0545","-97.5635","0","0","0","0","0","0","0","10","1","1","0","1",13,40,13,40,47,2.29,72,39
"525","Texas",2020-03-21,"TX","2020-03-21 23:13:17",581,5,0,"31.0545","-97.5635","0","0","0","0","0","0","0","10","1","1","0","1",13,40,13,40,47,2.29,72,39
"526","Utah",2020-03-10,"UT","2020-03-10 16:53:13",2,0,0,"40.15","-111.8624","0","0","0","0","0","0","0","999","0","0","0","1",9,44,17,44,40,1.83,13,40
"527","Utah",2020-03-11,"UT","2020-03-11 23:13:06",3,0,0,"40.15","-111.8624","0","0","0","0","0","0","0","999","0","0","0","1",9,44,17,44,40,1.83,13,40
"528","Utah",2020-03-12,"UT","2020-03-12 23:44:33",5,0,0,"40.15","-111.8624","0","0","0","0","0","0","0","999","0","0","0","1",9,44,17,44,40,1.83,13,40
"529","Utah",2020-03-13,"UT","2020-03-11 20:00:00",9,0,0,"40.150032","-111.862434","0","0","0","0","0","0","0","999","0","0","0","1",9,44,17,44,40,1.83,13,40
"530","Utah",2020-03-14,"UT","2020-03-14 18:53:03",10,0,0,"40.15","-111.8624","0","0","0","0","0","0","0","999","1","0","0","1",9,44,17,44,40,1.83,13,40
"531","Utah",2020-03-15,"UT","2020-03-15 18:20:19",28,0,0,"40.15","-111.8624","0","0","0","0","0","0","0","999","1","0","0","1",9,44,17,44,40,1.83,13,40
"532","Utah",2020-03-16,"UT","2020-03-16 22:33:03",39,0,0,"40.15","-111.8624","0","0","0","0","0","0","0","999","1","0","0","1",9,44,17,44,40,1.83,13,40
"533","Utah",2020-03-17,"UT","2020-03-17 20:53:02",51,0,0,"40.15","-111.8624","0","0","0","0","0","0","0","999","1","0","0","1",9,44,17,44,40,1.83,13,40
"534","Utah",2020-03-18,"UT","2020-03-19 23:43:04",80,0,0,"40.15","-111.8624","0","0","0","0","0","0","0","10","1","1","0","1",9,44,17,44,40,1.83,13,40
"535","Utah",2020-03-19,"UT","2020-03-19 23:43:04",80,0,0,"40.15","-111.8624","0","0","0","0","0","0","0","10","1","1","0","1",9,44,17,44,40,1.83,13,40
"536","Utah",2020-03-20,"UT","2020-03-20 16:13:23",78,0,0,"40.15","-111.8624","0","0","0","0","0","0","0","10","1","1","0","1",9,44,17,44,40,1.83,13,40
"537","Utah",2020-03-21,"UT","2020-03-21 23:13:17",136,0,0,"40.15","-111.8624","0","0","0","0","0","0","0","10","1","1","0","1",9,44,17,44,40,1.83,13,40
"538","Vermont",2020-03-10,"VT","2020-03-10 03:13:17",1,0,0,"44.0459","-72.7107","0","0","0","0","1","0","0","999","0","0","0","0",30,22,28,22,2,2.09,11,44
"539","Vermont",2020-03-11,"VT","2020-03-11 20:00:00",2,0,0,"44.045876","-72.710686","0","0","0","0","1","0","0","999","0","0","0","0",30,22,28,22,2,2.09,11,44
"540","Vermont",2020-03-12,"VT","2020-03-12 01:53:03",2,0,0,"44.0459","-72.7107","0","0","0","0","1","0","0","999","0","0","0","0",30,22,28,22,2,2.09,11,44
"541","Vermont",2020-03-13,"VT","2020-03-14 22:33:04",5,0,0,"44.0459","-72.7107","0","0","0","0","1","0","0","999","0","0","0","1",30,22,28,22,2,2.09,11,44
"542","Vermont",2020-03-14,"VT","2020-03-14 22:33:04",8,0,0,"44.0459","-72.7107","0","0","0","0","1","0","0","999","0","0","0","1",30,22,28,22,2,2.09,11,44
"543","Vermont",2020-03-15,"VT","2020-03-16 17:13:23",12,0,0,"44.0459","-72.7107","0","0","0","0","1","0","0","999","1","1","0","1",30,22,28,22,2,2.09,11,44
"544","Vermont",2020-03-16,"VT","2020-03-16 17:13:23",12,0,0,"44.0459","-72.7107","0","0","0","0","1","0","0","999","1","1","0","1",30,22,28,22,2,2.09,11,44
"545","Vermont",2020-03-17,"VT","2020-03-18 19:33:03",18,0,0,"44.0459","-72.7107","0","0","0","0","1","0","0","999","1","1","0","1",30,22,28,22,2,2.09,11,44
"546","Vermont",2020-03-18,"VT","2020-03-18 19:33:03",18,0,0,"44.0459","-72.7107","0","0","0","0","1","0","0","999","1","1","0","1",30,22,28,22,2,2.09,11,44
"547","Vermont",2020-03-19,"VT","2020-03-19 21:43:03",22,0,0,"44.0459","-72.7107","0","0","0","0","1","0","0","999","1","1","0","1",30,22,28,22,2,2.09,11,44
"548","Vermont",2020-03-20,"VT","2020-03-20 21:43:03",29,2,0,"44.0459","-72.7107","0","0","1","0","1","0","0","999","1","1","0","1",30,22,28,22,2,2.09,11,44
"549","Vermont",2020-03-21,"VT","2020-03-20 21:43:03",29,2,0,"44.0459","-72.7107","0","0","1","0","1","0","0","999","1","1","0","1",30,22,28,22,2,2.09,11,44
"550","Virginia",2020-03-10,"VA","2020-03-10 03:53:03",7,0,0,"37.7693","-78.17","0","0","0","0","0","0","0","999","0","0","0","0",33,16,44,16,17,2.12,26,10
"551","Virginia",2020-03-11,"VA","2020-03-11 03:33:05",9,0,0,"37.7693","-78.17","0","0","0","0","0","0","0","999","0","0","0","0",33,16,44,16,17,2.12,26,10
"552","Virginia",2020-03-12,"VA","2020-03-12 21:39:10",17,0,0,"37.7693","-78.17","0","0","0","0","0","0","0","999","0","0","0","1",33,16,44,16,17,2.12,26,10
"553","Virginia",2020-03-13,"VA","2020-03-11 20:00:00",30,0,0,"37.769337","-78.169968","0","0","0","0","0","0","0","999","0","0","0","0",33,16,44,16,17,2.12,26,10
"554","Virginia",2020-03-14,"VA","2020-03-14 22:33:03",41,1,0,"37.7693","-78.17","0","0","0","0","0","0","0","999","1","0","0","1",33,16,44,16,17,2.12,26,10
"555","Virginia",2020-03-15,"VA","2020-03-15 18:20:19",45,1,0,"37.7693","-78.17","0","0","0","0","0","0","0","999","1","0","0","1",33,16,44,16,17,2.12,26,10
"556","Virginia",2020-03-16,"VA","2020-03-16 22:13:21",49,1,0,"37.7693","-78.17","0","0","0","0","0","0","0","999","1","0","0","1",33,16,44,16,17,2.12,26,10
"557","Virginia",2020-03-17,"VA","2020-03-17 20:13:22",67,2,0,"37.7693","-78.17","0","0","0","0","0","0","0","999","1","0","0","1",33,16,44,16,17,2.12,26,10
"558","Virginia",2020-03-18,"VA","2020-03-18 19:53:03",77,2,0,"37.7693","-78.17","0","0","0","0","0","0","0","999","1","0","0","1",33,16,44,16,17,2.12,26,10
"559","Virginia",2020-03-19,"VA","2020-03-19 23:43:04",99,2,0,"37.7693","-78.17","0","0","0","0","0","0","0","999","1","0","0","1",33,16,44,16,17,2.12,26,10
"560","Virginia",2020-03-20,"VA","2020-03-20 23:43:03",122,2,0,"37.7693","-78.17","0","0","0","0","0","0","0","999","1","0","0","1",33,16,44,16,17,2.12,26,10
"561","Virginia",2020-03-21,"VA","2020-03-21 19:43:03",156,2,0,"37.7693","-78.17","0","0","0","0","0","0","0","999","1","0","0","1",33,16,44,16,17,2.12,26,10
"562","Washington",2020-03-10,"WA","2020-03-10 22:13:11",267,23,1,"47.4009","-121.4905","0","1","1","0","1","0","0","999","0","0","0","0",32,15,38,15,10,1.7,27,33
"563","Washington",2020-03-11,"WA","2020-03-11 22:33:03",366,29,1,"47.4009","-121.4905","0","1","1","0","1","0","0","999","0","0","0","0",32,15,38,15,10,1.7,27,33
"564","Washington",2020-03-12,"WA","2020-03-12 23:44:33",442,31,1,"47.4009","-121.4905","0","1","1","0","1","0","0","999","0","0","0","0",32,15,38,15,10,1.7,27,33
"565","Washington",2020-03-13,"WA","2020-03-11 20:00:00",568,37,1,"47.400902","-121.490494","0","1","1","0","1","0","0","999","0","0","0","0",32,15,38,15,10,1.7,27,33
"566","Washington",2020-03-14,"WA","2020-03-14 22:13:19",572,37,1,"47.4009","-121.4905","0","1","1","0","1","0","0","999","0","0","0","0",32,15,38,15,10,1.7,27,33
"567","Washington",2020-03-15,"WA","2020-03-15 02:13:21",643,40,1,"47.4009","-121.4905","0","1","1","1","1","0","0","999","0","0","0","0",32,15,38,15,10,1.7,27,33
"568","Washington",2020-03-16,"WA","2020-03-16 23:53:03",904,48,1,"47.4009","-121.4905","0","1","1","1","1","0","0","999","0","0","0","0",32,15,38,15,10,1.7,27,33
"569","Washington",2020-03-17,"WA","2020-03-17 23:33:03",1076,55,1,"47.4009","-121.4905","0","1","1","1","1","0","0","999","0","0","0","0",32,15,38,15,10,1.7,27,33
"570","Washington",2020-03-18,"WA","2020-03-18 14:13:56",1014,55,0,"47.4009","-121.4905","0","1","1","1","1","0","0","999","0","0","0","0",32,15,38,15,10,1.7,27,33
"571","Washington",2020-03-19,"WA","2020-03-19 23:43:04",1376,74,0,"47.4009","-121.4905","0","1","1","1","1","0","0","999","0","0","0","0",32,15,38,15,10,1.7,27,33
"572","Washington",2020-03-20,"WA","2020-03-20 23:43:03",1524,83,0,"47.4009","-121.4905","0","1","1","1","1","0","0","999","0","0","0","0",32,15,38,15,10,1.7,27,33
"573","Washington",2020-03-21,"WA","2020-03-21 22:43:04",1793,94,0,"47.4009","-121.4905","0","1","1","1","1","0","0","999","0","0","0","0",32,15,38,15,10,1.7,27,33
"574","West Virginia",2020-03-10,"WV","2020-03-10 02:33:04",0,0,0,"38.4912","-80.9545","0","0","0","0","0","0","0","999","0","0","0","1",52,42,14,42,45,3.81,27,32
"575","West Virginia",2020-03-11,"WV","2020-03-11 20:00:00",0,0,0,"38.491226","-80.954453","0","0","0","0","0","0","0","999","0","0","0","1",52,42,14,42,45,3.81,27,32
"576","West Virginia",2020-03-12,"WV","2020-03-17 23:33:02",1,0,0,"38.4912","-80.9545","0","1","0","0","0","0","0","999","1","1","0","1",52,42,14,42,45,3.81,27,32
"577","West Virginia",2020-03-13,"WV","2020-03-17 23:33:02",1,0,0,"38.4912","-80.9545","0","1","0","0","0","0","0","999","1","1","0","1",52,42,14,42,45,3.81,27,32
"578","West Virginia",2020-03-14,"WV","2020-03-17 23:33:02",1,0,0,"38.4912","-80.9545","0","1","0","0","0","0","0","999","1","1","0","1",52,42,14,42,45,3.81,27,32
"579","West Virginia",2020-03-15,"WV","2020-03-17 23:33:02",1,0,0,"38.4912","-80.9545","0","1","0","0","0","0","0","999","1","1","0","1",52,42,14,42,45,3.81,27,32
"580","West Virginia",2020-03-16,"WV","2020-03-17 23:33:02",1,0,0,"38.4912","-80.9545","0","1","0","0","0","0","0","999","1","1","0","1",52,42,14,42,45,3.81,27,32
"581","West Virginia",2020-03-17,"WV","2020-03-17 23:33:02",1,0,0,"38.4912","-80.9545","0","1","0","0","0","0","0","999","1","1","0","1",52,42,14,42,45,3.81,27,32
"582","West Virginia",2020-03-18,"WV","2020-03-19 02:33:09",2,0,0,"38.4912","-80.9545","0","1","0","0","0","0","0","999","1","1","0","1",52,42,14,42,45,3.81,27,32
"583","West Virginia",2020-03-19,"WV","2020-03-19 02:33:09",2,0,0,"38.4912","-80.9545","0","1","0","0","0","0","0","999","1","1","0","1",52,42,14,42,45,3.81,27,32
"584","West Virginia",2020-03-20,"WV","2020-03-20 19:43:03",7,0,0,"38.4912","-80.9545","0","1","0","0","0","0","0","999","1","1","0","1",52,42,14,42,45,3.81,27,32
"585","West Virginia",2020-03-21,"WV","2020-03-21 02:43:03",8,0,0,"38.4912","-80.9545","0","1","0","0","0","0","0","999","1","1","0","1",52,42,14,42,45,3.81,27,32
"586","Wisconsin",2020-03-10,"WI","2020-03-10 17:13:25",3,0,1,"44.2685","-89.6165","0","0","0","0","0","0","0","999","0","0","0","0",22,10,25,10,8,2.08,17,7
"587","Wisconsin",2020-03-11,"WI","2020-03-11 22:53:03",6,0,1,"44.2685","-89.6165","0","0","0","0","0","0","0","999","0","0","0","0",22,10,25,10,8,2.08,17,7
"588","Wisconsin",2020-03-12,"WI","2020-03-12 21:39:10",8,0,1,"44.2685","-89.6165","0","0","0","0","0","0","0","999","0","0","0","1",22,10,25,10,8,2.08,17,7
"589","Wisconsin",2020-03-13,"WI","2020-03-11 20:00:00",19,0,1,"44.268543","-89.616508","0","0","0","0","0","0","0","999","0","0","0","0",22,10,25,10,8,2.08,17,7
"590","Wisconsin",2020-03-14,"WI","2020-03-14 22:33:03",27,0,1,"44.2685","-89.6165","0","0","0","0","0","0","0","999","0","0","0","1",22,10,25,10,8,2.08,17,7
"591","Wisconsin",2020-03-15,"WI","2020-03-15 18:20:19",32,0,1,"44.2685","-89.6165","0","0","0","0","0","0","0","999","0","0","0","1",22,10,25,10,8,2.08,17,7
"592","Wisconsin",2020-03-16,"WI","2020-03-16 20:13:20",47,0,1,"44.2685","-89.6165","0","0","0","0","0","0","0","1","0","0","0","1",22,10,25,10,8,2.08,17,7
"593","Wisconsin",2020-03-17,"WI","2020-03-17 20:13:22",72,0,1,"44.2685","-89.6165","0","0","0","0","0","0","0","1","0","1","0","1",22,10,25,10,8,2.08,17,7
"594","Wisconsin",2020-03-18,"WI","2020-03-18 19:14:34",92,0,0,"44.2685","-89.6165","0","0","0","0","0","0","0","1","1","1","0","1",22,10,25,10,8,2.08,17,7
"595","Wisconsin",2020-03-19,"WI","2020-03-19 23:43:04",159,0,0,"44.2685","-89.6165","0","0","0","0","0","0","0","1","1","1","0","1",22,10,25,10,8,2.08,17,7
"596","Wisconsin",2020-03-20,"WI","2020-03-20 21:13:29",207,3,0,"44.2685","-89.6165","0","0","0","0","0","0","0","1","1","1","0","1",22,10,25,10,8,2.08,17,7
"597","Wisconsin",2020-03-21,"WI","2020-03-21 23:13:18",282,4,0,"44.2685","-89.6165","0","0","0","0","0","0","0","1","1","1","0","1",22,10,25,10,8,2.08,17,7
"598","Wyoming",2020-03-10,"WY","2020-03-10 02:33:04",0,0,0,"42.756","-107.3025","0","0","0","0","0","0","0","999","0","0","0","0",29,18,29,18,21,3.49,6,5
"599","Wyoming",2020-03-11,"WY","2020-03-11 20:00:00",1,0,0,"42.755966","-107.30249","0","0","0","0","0","0","0","999","0","0","0","0",29,18,29,18,21,3.49,6,5
"600","Wyoming",2020-03-12,"WY","2020-03-12 03:13:09",1,0,0,"42.756","-107.3025","0","0","0","0","0","0","0","999","0","0","0","0",29,18,29,18,21,3.49,6,5
"601","Wyoming",2020-03-13,"WY","2020-03-14 16:53:03",2,0,0,"42.756","-107.3025","0","0","0","0","0","0","0","999","0","0","0","1",29,18,29,18,21,3.49,6,5
"602","Wyoming",2020-03-14,"WY","2020-03-14 16:53:03",2,0,0,"42.756","-107.3025","0","0","0","0","0","0","0","999","0","0","0","1",29,18,29,18,21,3.49,6,5
"603","Wyoming",2020-03-15,"WY","2020-03-15 02:53:03",3,0,0,"42.756","-107.3025","0","0","0","0","0","0","0","999","0","0","0","1",29,18,29,18,21,3.49,6,5
"604","Wyoming",2020-03-16,"WY","2020-03-17 23:53:03",11,0,0,"42.756","-107.3025","0","0","0","0","0","0","0","999","0","0","0","1",29,18,29,18,21,3.49,6,5
"605","Wyoming",2020-03-17,"WY","2020-03-17 23:53:03",11,0,0,"42.756","-107.3025","0","0","0","0","0","0","0","999","0","0","0","1",29,18,29,18,21,3.49,6,5
"606","Wyoming",2020-03-18,"WY","2020-03-18 13:53:03",15,0,0,"42.756","-107.3025","0","0","0","0","0","0","0","999","0","0","0","1",29,18,29,18,21,3.49,6,5
"607","Wyoming",2020-03-19,"WY","2020-03-19 04:33:18",18,0,0,"42.756","-107.3025","0","0","0","0","0","0","0","999","1","1","0","1",29,18,29,18,21,3.49,6,5
"608","Wyoming",2020-03-20,"WY","2020-03-20 22:14:43",19,0,0,"42.756","-107.3025","0","0","0","0","0","0","0","10","1","1","0","1",29,18,29,18,21,3.49,6,5
"609","Wyoming",2020-03-21,"WY","2020-03-21 19:43:03",23,0,0,"42.756","-107.3025","0","0","0","0","0","0","0","10","1","1","0","1",29,18,29,18,21,3.49,6,5
